car_ext_photo_url1,car_ext_photo_url2,car_ext_photo_url3,car_id,car_int_photo_url1,car_int_photo_url2,car_int_photo_url3,car_status,car_status_id,car_year,carproof,certified,clearance,commercial,cubic_capacity,date_created,date_entry,date_service,date_sold,date_updated,demo,doors,drive_train,engine_type,extend_warranty_id,extra_option,fuel,induction,inventory_color,inventory_frame_category,inventory_frame_category_id,inventory_frame_desc,inventory_frame_style,inventory_frame_style_id,inventory_id,inventory_interior_color,inventory_make,inventory_make_id,inventory_model,inventory_model_desc_id,inventory_trim,inventory_trim_id,inventory_vehicle_category_id,new,note,odometer,option,passengers,price,severely_damaged_vehicle,transmission_gear,transmission_type,vehicle_page_views,warranty_class,warranty_date,warranty_km
http://img.sm360.ca/images/var/images/bdc-hackathon-2019/used_car.jpg,,,2751628,http://img.sm360.ca/images/var/images/bdc-hackathon-2019/used_car.jpg,,,DELETED,3,2007,1,0,0,0,,2013-04-23 21:40:47,2009-06-01 00:00:00,,2010-01-20,2014-10-01 21:28:04,0,4,Front wheel drive,4,0,,Unleaded,,Rouge,Passenger,,,Sedan,1.0,25,Gris,Toyota,589,Corolla,2626,Berline,51048,1,0,"CD Player, Power Doors, Air Conditioning, MP3 player",0,,0,219,0,5.0,MANUAL,,Class D,,0
http://img.sm360.ca/images/var/images/bdc-hackathon-2019/used_car.jpg,,,2961021,http://img.sm360.ca/images/var/images/bdc-hackathon-2019/used_car.jpg,,,DELETED,3,2005,1,0,0,0,,2013-04-23 21:40:47,2009-09-04 00:00:00,,,2014-10-01 21:28:17,0,4,Front wheel drive,4,0,,Unleaded,,Gold,Passenger,,,Sedan,1.0,10,Grey,Saturn,781,Ion,2610,Midlevel,88,1,0,"AM/FM Radio, CD Player, Power Doors, Power Steering, Air Conditioning, Bucket Seats, Driver Airbag, Passenger Airbag, Interior Trunk Release, Rear window defroster, Floor mats",69442,,0,5995,0,4.0,AUTOMATIC,,"Class C : 1 month or 1,700 km.",2010/05/06,100000
http://img.sm360.ca/images/var/images/bdc-hackathon-2019/used_car.jpg,,,3051873,http://img.sm360.ca/images/var/images/bdc-hackathon-2019/used_car.jpg,,,DELETED,3,2008,1,0,0,0,0.0,2013-04-23 21:40:47,2009-10-13 00:00:00,,2010-02-02,2014-10-01 21:28:17,0,5,,,0,,,,Gris fantome,Passenger,,,Hatchback,3.0,25,Noir,Toyota,589,Yaris Hatchback,3369,,1,1,0,"CD Player, Power Doors, Power Steering, ABS Brakes",31000,,0,217,0,4.0,AUTOMATIC,,Class D,,0
http://img.sm360.ca/images/var/images/bdc-hackathon-2019/used_car.jpg,,,3098788,http://img.sm360.ca/images/var/images/bdc-hackathon-2019/used_car.jpg,,,DELETED,3,2007,1,0,0,0,4000.0,2013-04-23 21:40:47,2009-11-04 00:00:00,,2010-05-05,2014-10-01 21:28:04,0,4,All wheel drive,6,0,,Unleaded,Normally aspirated,NOIR,Sport Utility,,,Sedan,1.0,25,NOIR,Toyota,589,FJ Cruiser,3370,HAUT DE GAMME,428,1,0,"CD Player, Power Windows, Power Doors, Power Steering, Air Conditioning, Cruise Control, Electric Mirrors, ABS Brakes, Alloy Wheels, Fog Lights, Air Bags, Electric Seats, Compact Disc Changer, Traction Control, Stability control, In-dash CD changer",46000,,0,614,0,6.0,MANUAL,,Class D,,0
http://img.sm360.ca/images/var/images/bdc-hackathon-2019/used_car.jpg,,,3098984,http://img.sm360.ca/images/var/images/bdc-hackathon-2019/used_car.jpg,,,DELETED,3,2008,1,0,0,0,3500.0,2013-04-23 21:40:47,2009-11-04 00:00:00,,2010-01-22,2014-10-01 21:28:17,0,5,All wheel drive,6,0,,Unleaded,Normally aspirated,GRIS MAGNÉTIQUE,Sport Utility,,,Midsize,,25,,Toyota,589,Highlander,3371,,1,1,0,"CD Player, Power Windows, Power Doors, Power Steering, Cruise Control, Electric Mirrors, ABS Brakes, Alloy Wheels, Fog Lights, Air Bags, Electric Seats, Traction Control, Stability control",0,,0,588,0,6.0,AUTOMATIC,,Class D,,0
http://img.sm360.ca/images/var/images/bdc-hackathon-2019/used_car.jpg,,,3207588,http://img.sm360.ca/images/var/images/bdc-hackathon-2019/used_car.jpg,,,DELETED,3,2009,1,0,0,0,6000.0,2013-04-23 21:40:47,2010-01-05 00:00:00,,,2014-10-01 21:28:17,1,4,Front wheel drive,V6,0,,Unleaded,,Blanc Cubes de sucre,Passenger,,NÉGOCIABLE,Sedan,1.0,22,CHARCOAL,Mazda,567,Mazda6,2593,GT,23,1,0,"Fully Equipped, AM/FM Radio, CD Player, Power Windows, Power Steering, Air Conditioning, Cruise Control, Sun Roof, Electric Mirrors, Tinted Windows, Leather Interior, ABS Brakes, Alarm System, Alloy Wheels, Heated Seat, Fog Lights, Kill Switch, Tilt Steering, Air Bags, Climate Control, Driver Airbag, Passenger Airbag, Side Airbags, Cellular Phone, Electric Seats, Hood Protector, Rear-Folding Seats, Adjustable Mirrors from Interior, Clock, Intermittent Wipers, Interior Trunk Release, Color Matched Bumpers, Electric Right Front Seat, Electric Left Front Seat, Compact Disc Changer, Remote Entry, Tachometer, Navigation Computer, Onboard Computer, Dual Zone Climate Control, Memory Seats, Power Brakes, Traction Control, Heated mirrors, Child proof locks, Steering wheel audio controls, Stability control, Moonroof, Rainsensing wipers, Rear window defroster, MP3 player, In-dash CD changer, Xenon headlights, Floor mats",12523,GPS,5,27995,0,6.0,AUTOMATIC,,"Class A : 6 months or 10,000 km.",,0
http://img.sm360.ca/images/var/images/bdc-hackathon-2019/used_car.jpg,,,3218186,http://img.sm360.ca/images/var/images/bdc-hackathon-2019/used_car.jpg,,,DELETED,3,2008,1,0,0,0,,2013-04-23 21:40:47,2010-01-11 00:00:00,,2010-01-28,2014-10-01 21:28:17,0,5,All wheel drive,4,0,,,,Blanc Alpin,Sport Utility,,,,,25,noir,Toyota,589,RAV4,2365,,1,1,0,"CD Player, Power Windows, Air Conditioning, Electric Mirrors, ABS Brakes, Alloy Wheels, Air Bags, Stability control, MP3 player",52500,,0,466,0,,AUTOMATIC,,Class D,,0
http://img.sm360.ca/images/var/images/bdc-hackathon-2019/used_car.jpg,,,3256983,http://img.sm360.ca/images/var/images/bdc-hackathon-2019/used_car.jpg,,,DELETED,3,2008,1,0,0,0,0.0,2013-04-23 21:40:47,2010-01-05 00:00:00,2007-01-27,,2014-10-01 21:28:04,0,3,Front wheel drive,V6,0,,Unleaded,,Red,Passenger,,2 Door coupe,Coupe,2.0,10,Black,Mitsubishi,583,Eclipse,2345,GT-P,89,1,0,"Fully Equipped, AM/FM Radio, CD Player, Power Windows, Power Doors, Power Steering, Air Conditioning, Cruise Control, Sun Roof, Electric Mirrors, Leather Interior, ABS Brakes, Alarm System, Spoiler, Alloy Wheels, Heated Seat, Fog Lights, Bucket Seats, Air Bags, Climate Control, Driver Airbag, Passenger Airbag, Side Airbags, Electric Seats, Adjustable Mirrors from Interior, Clock, Interior Trunk Release, Compact Disc Changer, Remote Entry, Traction Control, Heated mirrors, Steering wheel audio controls, Moonroof, Rear window defroster, MP3 player, Floor mats",53325,,0,17995,0,6.0,MANUAL,,"Class C : 1 month or 1,700 km.",2017/07/27,160000
http://img.sm360.ca/images/var/images/bdc-hackathon-2019/used_car.jpg,,,3272090,http://img.sm360.ca/images/var/images/bdc-hackathon-2019/used_car.jpg,,,DELETED,3,2010,1,0,0,0,,2013-04-23 21:40:47,2010-02-17 00:00:00,,,2014-10-01 21:28:17,0,4,,4,0,,,,Black,Passenger,,,Sedan,1.0,6,Black,Mazda,567,Mazda3,2313,,1,1,0,"Fully Equipped, AM/FM Radio, CD Player, Power Windows, Power Doors, Power Steering, Air Conditioning, Cruise Control, Sun Roof, Electric Mirrors, Alloy Wheels, Tilt Steering, Air Bags, Rear-Folding Seats, Intermittent Wipers, Protective Side Moulding, Remote Entry, Tachometer, Power Brakes, Steering wheel audio controls",9098,,5,21019,0,0.0,AUTOMATIC,,Class D,,0
http://img.sm360.ca/images/var/images/bdc-hackathon-2019/used_car.jpg,,,3279476,http://img.sm360.ca/images/var/images/bdc-hackathon-2019/used_car.jpg,,,DELETED,3,2007,1,0,0,0,,2013-04-23 21:40:47,2010-02-22 00:00:00,,2011-04-15,2014-10-01 21:28:17,0,4,,4,0,,,,Rouge,Passenger,,,,,25,Gris,Toyota,589,Yaris,2622,4 PORTES,310,1,0,"CD Player, Air Conditioning, ABS Brakes, Air Bags",31000,,0,280,0,,AUTOMATIC,,Class D,,0
http://img.sm360.ca/images/var/images/bdc-hackathon-2019/used_car.jpg,,,3284987,http://img.sm360.ca/images/var/images/bdc-hackathon-2019/used_car.jpg,,,DELETED,3,2007,1,0,0,0,,2013-04-23 21:40:47,2010-02-25 00:00:00,,2010-09-07,2014-10-01 21:28:17,0,5,,4,0,,,,noir,Passenger,,,Hatchback,3.0,25,noir,Toyota,589,Yaris,2622,,1,1,0,"CD Player, ABS Brakes, Air Bags",29100,,0,208,0,,AUTOMATIC,,Class D,,0
http://img.sm360.ca/images/var/images/bdc-hackathon-2019/used_car.jpg,,,3301219,http://img.sm360.ca/images/var/images/bdc-hackathon-2019/used_car.jpg,,,DELETED,3,2007,1,0,0,0,,2013-04-23 21:40:47,2010-03-08 00:00:00,,2010-05-05,2014-10-01 21:28:04,0,5,,4,0,,,,Argent,Passenger,,,,,25,Gris charcoal,Toyota,589,Yaris,2622,,1,1,0,"CD Player, Air Bags",66000,,0,243,0,,MANUAL,,Class D,,0
http://img.sm360.ca/images/var/images/bdc-hackathon-2019/used_car.jpg,,,3323171,http://img.sm360.ca/images/var/images/bdc-hackathon-2019/used_car.jpg,,,DELETED,3,2010,1,0,0,0,,2013-04-23 21:40:47,2010-03-22 00:00:00,,,2014-10-01 21:28:17,0,5,,4,0,,,,Argent,Sport Utility,,,,,25,Gris,Toyota,589,RAV4,2365,,1,1,0,"CD Player, Power Windows, Power Doors, Air Conditioning, Cruise Control, Electric Mirrors, ABS Brakes, Air Bags, Traction Control, Stability control, MP3 player",4200,,0,374,0,,AUTOMATIC,,Class D,,0
http://img.sm360.ca/images/var/images/bdc-hackathon-2019/used_car.jpg,,,3347458,http://img.sm360.ca/images/var/images/bdc-hackathon-2019/used_car.jpg,,,DELETED,3,2008,1,0,0,0,,2013-04-23 21:40:47,2010-04-06 00:00:00,,,2014-10-01 21:28:04,0,2,Front wheel drive,4,0,,Unleaded,,Red,Passenger,,,Coupe,2.0,6,Black,Nissan,561,Altima,2307,COUPÉ,67,1,0,"Fully Equipped, AM/FM Radio, CD Player, Power Windows, Power Doors, Power Steering, Air Conditioning, Cruise Control, Sun Roof, Electric Mirrors, ABS Brakes, Kill Switch, Tilt Steering, Air Bags, Driver Airbag, Passenger Airbag, Side Airbags, Rear-Folding Seats, Adjustable Mirrors from Interior, Clock, Intermittent Wipers, Interior Trunk Release, Color Matched Bumpers, Remote Entry, Power Brakes, Moonroof, Rear window defroster, Floor mats",33092,,5,16795,0,6.0,MANUAL,,"Class C : 1 month or 1,700 km.",,0
http://img.sm360.ca/images/var/images/bdc-hackathon-2019/used_car.jpg,,,3362495,http://img.sm360.ca/images/var/images/bdc-hackathon-2019/used_car.jpg,,,DELETED,3,2011,1,0,0,0,,2013-04-23 21:40:47,2010-04-14 00:00:00,2010-03-29,,2014-10-01 21:28:17,1,4,Front wheel drive,4,0,,Unleaded,,argent radiant,Passenger,,,Sedan,1.0,22,Grey,Hyundai,563,Sonata,2378,GL,21,1,0,"AM/FM Radio, CD Player, Power Windows, Power Doors, Power Steering, Air Conditioning, Cruise Control, ABS Brakes, Alarm System, Tilt Steering, Air Bags, Adjustable Mirrors from Interior, Clock, Intermittent Wipers, Remote Entry, Power Brakes, Steering wheel audio controls, Rear window defroster, MP3 player, Xenon headlights",5139,Systeme main libre Bluetooth,5,25775,0,0.0,AUTOMATIC,,Class D,,0
http://img.sm360.ca/images/var/images/bdc-hackathon-2019/used_car.jpg,,,3377851,http://img.sm360.ca/images/var/images/bdc-hackathon-2019/used_car.jpg,,,DELETED,3,2006,1,0,0,0,,2013-04-23 21:40:47,2010-01-23 00:00:00,,,2014-10-01 21:28:04,0,4,Front wheel drive,4,0,,,,GRIS FONCÉ,Passenger,,,Sedan,1.0,6,Black,Honda,564,Civic Berline,3862,,1,1,0,"Fully Equipped, AM/FM Radio, CD Player, Power Windows, Power Doors, Power Steering, Air Conditioning, Electric Mirrors, ABS Brakes, Tilt Steering, Air Bags, Driver Airbag, Passenger Airbag, Side Airbags, Rear-Folding Seats, Adjustable Mirrors from Interior, Intermittent Wipers, Color Matched Bumpers, Remote Entry, Power Brakes, Child proof locks, Rear window defroster",108085,,5,6995,0,5.0,MANUAL,,"Class C : 1 month or 1,700 km.",,0
http://img.sm360.ca/images/var/images/bdc-hackathon-2019/used_car.jpg,,,3393529,http://img.sm360.ca/images/var/images/bdc-hackathon-2019/used_car.jpg,,,DELETED,3,2008,1,0,0,0,,2013-04-23 21:40:47,2010-01-03 00:00:00,,,2014-10-01 21:28:04,0,4,Front wheel drive,4,0,,,,Beige,Passenger,,,Sedan,1.0,6,Beige,Mazda,567,Mazda3,2313,,1,1,0,"AM/FM Radio, CD Player, Power Windows, Power Doors, Power Steering, Electric Mirrors, ABS Brakes, Kill Switch, Tilt Steering, Air Bags, Driver Airbag, Passenger Airbag, Side Airbags, Rear-Folding Seats, Adjustable Mirrors from Interior, Clock, Color Matched Bumpers, Power Brakes, Child proof locks, Steering wheel audio controls, Rear window defroster",48799,,5,7995,0,5.0,MANUAL,,"Class C : 1 month or 1,700 km.",,0
http://img.sm360.ca/images/var/images/bdc-hackathon-2019/used_car.jpg,,,3401922,http://img.sm360.ca/images/var/images/bdc-hackathon-2019/used_car.jpg,,,DELETED,3,2008,1,0,0,0,0.0,2013-04-23 21:40:47,2010-05-07 00:00:00,2007-09-29,2011-04-01,2014-10-01 21:28:04,0,4,Front wheel drive,4,0,,Unleaded,Turbo,GRIS BLEU TITANIUM,Passenger,,,Hatchback,3.0,22,GIRS ET NOIR,Mazda,567,Mazdaspeed3,2595,GARANTIE 10 ANS,239,1,0,"AM/FM Radio, CD Player, Power Windows, Power Doors, Power Steering, Air Conditioning, Cruise Control, Electric Mirrors, ABS Brakes, Alarm System, Spoiler, Fog Lights, Tilt Steering, Climate Control, Driver Airbag, Passenger Airbag, Side Airbags, Intermittent Wipers, Compact Disc Changer, Traction Control, Heated mirrors, Child proof locks, Steering wheel audio controls, Rear window defroster, Xenon headlights",33000,,0,20485,0,6.0,MANUAL,,"Class B : 3 months or 5,000 km.",2010/09/29,80000
http://img.sm360.ca/images/var/images/bdc-hackathon-2019/used_car.jpg,,,3418362,http://img.sm360.ca/images/var/images/bdc-hackathon-2019/used_car.jpg,,,DELETED,3,2009,1,0,0,0,0.0,2013-04-23 21:40:47,2010-05-17 00:00:00,,,2014-10-01 21:28:04,1,2,,6,0,,,,Rouge Éclatant,Passenger,,COUPE,Coupe,2.0,22,Red,Mazda,567,RX-8,2596,GT,23,1,0,"AM/FM Radio, CD Player, Power Windows, Power Steering, Air Conditioning, Cruise Control, Sun Roof, Electric Mirrors, Tinted Windows, Leather Interior, Spoiler, Alloy Wheels, Heated Seat, Fog Lights, Tilt Steering, Adjustable Mirrors from Interior, Intermittent Wipers, Tachometer, Navigation Computer, Power Brakes, Steering wheel audio controls, MP3 player, Xenon headlights",2688,Systeme main libre Bluetooth,4,29995,0,6.0,MANUAL,,Class D,,0
http://img.sm360.ca/images/var/images/bdc-hackathon-2019/used_car.jpg,,,3422115,http://img.sm360.ca/images/var/images/bdc-hackathon-2019/used_car.jpg,,,DELETED,3,2006,1,0,0,0,,2013-04-23 21:40:47,2010-01-19 00:00:00,2006-01-31,,2014-10-01 21:28:17,0,4,Front wheel drive,4,0,,Unleaded,,Grey,Passenger,,,Sedan,1.0,2,Sable,Honda,564,Civic,2311,,1,1,0,"Fully Equipped, AM/FM Radio, CD Player, Power Windows, Power Doors, Power Steering, Air Conditioning, Cruise Control, Sun Roof, Electric Mirrors, ABS Brakes, Alloy Wheels, Tilt Steering, Air Bags, Driver Airbag, Passenger Airbag, Side Airbags, Rear-Folding Seats, Intermittent Wipers, Color Matched Bumpers, Remote Entry, Tachometer, Power Brakes, Heated mirrors, Steering wheel audio controls, Moonroof, Rear window defroster, MP3 player",87045,,5,10995,0,4.0,AUTOMATIC,,Class D,2011/07/31,100000
http://img.sm360.ca/images/var/images/bdc-hackathon-2019/used_car.jpg,,,3424606,http://img.sm360.ca/images/var/images/bdc-hackathon-2019/used_car.jpg,,,DELETED,3,2006,1,0,0,0,,2013-04-23 21:40:47,2010-05-21 00:00:00,2006-11-15,,2014-10-01 21:28:04,0,3,Rear wheel drive,4,0,,Premium unleaded,,Grey,Passenger,,COUPE 3 PORTES,Coupe,2.0,10,Black,Mazda,567,RX-8,2596,,1,1,0,"Fully Equipped, AM/FM Radio, CD Player, Power Windows, Power Doors, Air Conditioning, Cruise Control, Electric Mirrors, Tinted Windows, ABS Brakes, Alarm System, Spoiler, Alloy Wheels, Air Bags, Remote Entry, Heated mirrors, Steering wheel audio controls",73456,,4,10995,0,6.0,MANUAL,,"Class C : 1 month or 1,700 km.",2011/11/15,100000
http://img.sm360.ca/images/var/images/bdc-hackathon-2019/used_car.jpg,,,3424891,http://img.sm360.ca/images/var/images/bdc-hackathon-2019/used_car.jpg,,,DELETED,3,2007,1,0,0,0,,2013-04-23 21:40:47,2010-05-21 00:00:00,,2010-09-30,2014-10-01 21:28:17,0,4,Front wheel drive,4,0,,,,ARGENT,Passenger,,,Sedan,1.0,25,NOIR,Toyota,589,Yaris,2622,AERO,329,1,0,"CD Player, Power Windows, Power Doors, Power Steering, Air Conditioning, Electric Mirrors, ABS Brakes, Alloy Wheels, Air Bags",0,,0,233,0,,AUTOMATIC,,Class D,,0
http://img.sm360.ca/images/var/images/bdc-hackathon-2019/used_car.jpg,,,3456050,http://img.sm360.ca/images/var/images/bdc-hackathon-2019/used_car.jpg,,,DELETED,3,2008,1,0,0,0,,2013-04-23 21:40:47,2010-01-10 00:00:00,,,2014-10-01 21:28:04,0,4,Front wheel drive,4,0,,Unleaded,Normally aspirated,Gray,Passenger,,,,,4,Black,Toyota,589,Yaris,2622,,1,1,0,"AM/FM Radio, CD Player, Tilt Steering, Air Bags, Tachometer, Rear window defroster",63247,,5,7495,0,0.0,MANUAL,,"Class C : 1 month or 1,700 km.",,100000
http://img.sm360.ca/images/var/images/bdc-hackathon-2019/used_car.jpg,,,3473285,http://img.sm360.ca/images/var/images/bdc-hackathon-2019/used_car.jpg,,,DELETED,3,2010,1,0,0,0,0.0,2013-04-23 21:40:47,2010-06-21 00:00:00,,,2011-04-26 00:00:00,0,0,,4,0,,,,Black,Passenger,,,,,22,,Mazda,567,Mazda6,2593,GS,26,1,0,"Fully Equipped, AM/FM Radio, CD Player, Power Windows, Power Doors, Power Steering, Air Conditioning, Cruise Control, Electric Mirrors, ABS Brakes, Tilt Steering, Air Bags, Driver Airbag, Passenger Airbag, Side Airbags, Adjustable Mirrors from Interior, Remote Entry",9000,,0,24550,0,0.0,,,Class D,,0
http://img.sm360.ca/images/var/images/bdc-hackathon-2019/used_car.jpg,,,3473288,http://img.sm360.ca/images/var/images/bdc-hackathon-2019/used_car.jpg,,,DELETED,3,2010,1,0,0,0,0.0,2013-04-23 21:40:47,2010-06-21 00:00:00,,,2011-12-15 00:00:00,0,0,,4,0,,,,Blanc cubes de sucre,Passenger,,,,,22,,Mazda,567,Mazda6,2593,GT,23,1,0,"Fully Equipped, AM/FM Radio, CD Player, Power Windows, Power Doors, Power Steering, Air Conditioning, Cruise Control, Electric Mirrors, ABS Brakes, Tilt Steering, Air Bags, Driver Airbag, Passenger Airbag, Side Airbags, Adjustable Mirrors from Interior, Remote Entry",1500,,0,32995,0,0.0,,,Class D,,0
http://img.sm360.ca/images/var/images/bdc-hackathon-2019/used_car.jpg,,,3473390,http://img.sm360.ca/images/var/images/bdc-hackathon-2019/used_car.jpg,,,DELETED,3,2010,1,0,0,0,,2013-04-23 21:40:47,2010-06-21 00:00:00,,2011-03-10,2013-12-18 22:26:30,0,0,,,0,,,,Blue,Passenger,,,,,22,,Mazda,567,CX-7,2592,GT,23,1,0,"Fully Equipped, AM/FM Radio, CD Player, Power Windows, Power Doors, Air Conditioning, Cruise Control, Electric Mirrors, ABS Brakes, Tilt Steering, Air Bags, Driver Airbag, Passenger Airbag, Side Airbags, Adjustable Mirrors from Interior, Intermittent Wipers, Remote Entry",9000,,0,37850,0,0.0,,,Class D,,0
http://img.sm360.ca/images/var/images/bdc-hackathon-2019/used_car.jpg,,,3481806,http://img.sm360.ca/images/var/images/bdc-hackathon-2019/used_car.jpg,,,DELETED,3,2005,1,0,0,0,1800.0,2013-04-23 21:40:47,2010-01-27 00:00:00,,2011-01-10,2014-10-01 21:28:04,0,2,Rear wheel drive,4,0,,Premium unleaded,Supercharged,Blue,Passenger,,2 Door Hatchback,Coupe,2.0,8,Grey,Mercedes-Benz,573,Classe C,3722,Kompressor 1.8 L,86,1,0,"Fully Equipped, AM/FM Radio, CD Player, Power Windows, Power Doors, Power Steering, Air Conditioning, Cruise Control, Sun Roof, Electric Mirrors, Tinted Windows, Leather Interior, ABS Brakes, Alloy Wheels, Fog Lights, Kill Switch, Tilt Steering, Bucket Seats, Air Bags, Climate Control, Driver Airbag, Passenger Airbag, Side Airbags, Rear-Folding Seats, Clock, Intermittent Wipers, Color Matched Bumpers, Remote Entry, Rear Wiper, Tachometer, Onboard Computer, Split Rear Seats, Power Brakes, Traction Control, Heated mirrors, Steering wheel audio controls, Moonroof, Rainsensing wipers, Rear window defroster, MP3 player, Skirt Kit, Floor mats",45000,,4,18995,0,6.0,MANUAL,,"Class C : 1 month or 1,700 km.",,0
http://img.sm360.ca/images/var/images/bdc-hackathon-2019/used_car.jpg,,,3485815,http://img.sm360.ca/images/var/images/bdc-hackathon-2019/used_car.jpg,,,DELETED,3,2006,1,0,0,0,,2013-04-23 21:40:47,2010-01-30 00:00:00,2006-01-14,2011-01-02,2014-10-01 21:28:17,0,5,Front wheel drive,4,0,,Unleaded,,Blue,Passenger,,,Hatchback,3.0,2,Grey,Chevrolet,575,Optra 5,2770,,1,1,0,"AM/FM Radio, CD Player, Power Steering, Air Conditioning, Fog Lights, Tilt Steering, Air Bags, Wheel Covers, Driver Airbag, Passenger Airbag, Rear-Folding Seats, Adjustable Mirrors from Interior, Intermittent Wipers, Color Matched Bumpers, Rear Wiper, Power Brakes, Child proof locks, Rear window defroster, MP3 player",70731,,0,5495,0,4.0,AUTOMATIC,,"Class C : 1 month or 1,700 km.",2011/06/14,100000
http://img.sm360.ca/images/var/images/bdc-hackathon-2019/used_car.jpg,,,3502053,http://img.sm360.ca/images/var/images/bdc-hackathon-2019/used_car.jpg,,,DELETED,3,2009,1,0,0,0,3700.0,2013-04-23 21:40:47,2010-01-13 00:00:00,,2010-01-13,2014-10-01 21:28:04,0,2,Rear wheel drive,V6,0,,Unleaded,Normally aspirated,Blue,Passenger,,,Coupe,2.0,13,Black,Infiniti,789,G37 Coupe,3720,PREMIUM,106,1,0,"Fully Equipped, AM/FM Radio, CD Player, Power Windows, Power Doors, Power Steering, Air Conditioning, Cruise Control, Sun Roof, Electric Mirrors, Leather Interior, ABS Brakes, Alarm System, Alloy Wheels, Heated Seat, Fog Lights, Kill Switch, Tilt Steering, Bucket Seats, Climate Control, Driver Airbag, Passenger Airbag, Side Airbags, Electric Seats, Clock, Intermittent Wipers, Interior Trunk Release, Interior Fuel Latch, Color Matched Bumpers, Compact Disc Changer, Remote Entry, Tachometer, Block Heater, Onboard Computer, Dual Zone Climate Control, Memory Seats, Power Brakes, Traction Control, Heated mirrors, Steering wheel audio controls, Stability control, Moonroof, Rear window defroster, MP3 player, In-dash CD changer, Xenon headlights, Floor mats",8600,,4,37995,0,6.0,MANUAL,,"Class A : 6 months or 10,000 km.",2014/03/01,100000
http://img.sm360.ca/images/var/images/bdc-hackathon-2019/used_car.jpg,,,3502072,http://img.sm360.ca/images/var/images/bdc-hackathon-2019/used_car.jpg,,,DELETED,3,2006,1,0,0,0,,2013-04-23 21:40:47,2010-01-13 00:00:00,,,2014-10-01 21:28:17,0,4,All wheel drive,V6,0,,Unleaded,Normally aspirated,White,Passenger,,,Sedan,1.0,13,Beige,Infiniti,789,M35,3744,PREMIUM,106,1,0,"Fully Equipped, AM/FM Radio, CD Player, Power Windows, Power Doors, Power Steering, Air Conditioning, Cruise Control, Sun Roof, Electric Mirrors, Leather Interior, ABS Brakes, Alloy Wheels, Heated Seat, Fog Lights, Kill Switch, Tilt Steering, Bucket Seats, Air Bags, Climate Control, Driver Airbag, Passenger Airbag, Side Airbags, Electric Seats, Clock, Intermittent Wipers, Interior Trunk Release, Interior Fuel Latch, Color Matched Bumpers, Compact Disc Changer, Remote Entry, Tachometer, Block Heater, Onboard Computer, Dual Zone Climate Control, Memory Seats, Power Brakes, Traction Control, Heated mirrors, Steering wheel audio controls, Stability control, Moonroof, Rear window defroster, MP3 player, In-dash CD changer, Xenon headlights, Parking assistance, Floor mats",93500,,5,22995,0,5.0,AUTOMATIC,,"Class B : 3 months or 5,000 km.",,0
http://img.sm360.ca/images/var/images/bdc-hackathon-2019/used_car.jpg,,,3505386,http://img.sm360.ca/images/var/images/bdc-hackathon-2019/used_car.jpg,,,DELETED,3,2005,1,0,0,0,0.0,2013-04-23 21:40:47,2010-07-15 00:00:00,2005-08-01,,2014-10-01 21:28:17,0,4,Front wheel drive,4,0,,Unleaded,Normally aspirated,Red,Sport Utility,,utilitaire,,,10,Black,Mitsubishi,583,Outlander,2341,LS,10,1,0,"Fully Equipped, AM/FM Radio, CD Player, Power Windows, Power Doors, Power Steering, Air Conditioning, Cruise Control, Electric Mirrors, Tinted Windows, ABS Brakes, Spoiler, Alloy Wheels, Tilt Steering, Driver Airbag, Passenger Airbag, Rear-Folding Seats, Clock, Intermittent Wipers, Interior Fuel Latch, Tachometer, Onboard Computer, Split Rear Seats, Power Brakes, Heated mirrors, Child proof locks, Rear window defroster, Floor mats",113102,,5,6995,0,0.0,AUTOMATIC,,"Class C : 1 month or 1,700 km.",2015/08/01,160000
http://img.sm360.ca/images/var/images/bdc-hackathon-2019/used_car.jpg,,,3527824,http://img.sm360.ca/images/var/images/bdc-hackathon-2019/used_car.jpg,,,DELETED,3,2006,1,0,0,0,,2013-04-23 21:40:47,2010-01-31 00:00:00,,,2014-10-01 21:28:04,0,5,Front wheel drive,4,0,,Unleaded,,Blue,Passenger,,,,,15,Grey,Toyota,589,Matrix,2658,XRS,112,1,0,"AM/FM Radio, CD Player, Power Windows, Power Doors, Power Steering, Air Conditioning, Cruise Control, Electric Mirrors, Tinted Windows, ABS Brakes, Alarm System, Alloy Wheels, Fog Lights, Bucket Seats, Air Bags, Driver Airbag, Passenger Airbag, Remote Entry, Tachometer, Power Brakes, Child proof locks, Rear window defroster",121000,,0,8995,0,6.0,MANUAL,,Class D,,0
http://img.sm360.ca/images/var/images/bdc-hackathon-2019/used_car.jpg,,,3529937,http://img.sm360.ca/images/var/images/bdc-hackathon-2019/used_car.jpg,,,DELETED,3,2006,1,0,0,0,,2013-04-23 21:40:47,2010-01-02 00:00:00,2005-01-11,,2014-10-01 21:28:17,0,4,Front wheel drive,4,0,,Unleaded,Normally aspirated,Silver,Passenger,,4 Door,Sedan,1.0,10,Black,Pontiac,782,Wave,2700,Base,91,1,0,"AM/FM Radio, CD Player, Power Steering, Tilt Steering, Air Bags, Wheel Covers, Driver Airbag, Passenger Airbag, Rear-Folding Seats, Adjustable Mirrors from Interior, Clock, Interior Trunk Release, Interior Fuel Latch, Tachometer, Power Brakes, Child proof locks, Rear window defroster, Floor mats",63775,,5,4495,0,0.0,AUTOMATIC,,"Class C : 1 month or 1,700 km.",2010/10/11,100000
http://img.sm360.ca/images/var/images/bdc-hackathon-2019/used_car.jpg,,,3537325,http://img.sm360.ca/images/var/images/bdc-hackathon-2019/used_car.jpg,,,FOR_SALE,1,2008,1,0,0,0,,2013-04-23 21:40:47,2010-08-06 00:00:00,,,2015-02-05 14:56:30,0,5,Front wheel drive,4,0,,Unleaded,Normally aspirated,Beige,Sport Utility,,,,,25,Beige,Saturn,781,VUE,2679,XE,65,1,0,"CD Player, Power Windows, Power Doors, Power Steering, Air Conditioning, Cruise Control, Electric Mirrors, ABS Brakes, Alloy Wheels",55842,,0,363,0,4.0,AUTOMATIC,,Class D,,0
http://img.sm360.ca/images/var/images/bdc-hackathon-2019/used_car.jpg,,,3545416,http://img.sm360.ca/images/var/images/bdc-hackathon-2019/used_car.jpg,,,FOR_SALE,1,2010,1,0,0,0,0.0,2013-04-23 21:40:47,2010-08-10 00:00:00,,,2014-10-01 21:28:04,0,4,Front wheel drive,,0,,Unleaded,,GRIS FONCÉ,Passenger,,,Sedan,1.0,25,GRIS PALE,Toyota,589,Yaris Sedan,3377,,1,1,0,"CD Player, Power Windows, Power Doors, Power Steering, Air Conditioning, Electric Mirrors, ABS Brakes, Air Bags, MP3 player",1500,,0,241,0,5.0,MANUAL,,Class D,,0
http://img.sm360.ca/images/var/images/bdc-hackathon-2019/used_car.jpg,,,3545625,http://img.sm360.ca/images/var/images/bdc-hackathon-2019/used_car.jpg,,,DELETED,3,2006,1,0,0,0,,2013-04-23 21:40:47,2010-01-10 00:00:00,,,2014-10-01 21:28:17,0,5,Front wheel drive,4,0,,Unleaded,,TITANE,Passenger,,,Hatchback,3.0,6,Black,Mazda,567,Mazda3 Sport,2598,,1,1,0,"Fully Equipped, AM/FM Radio, CD Player, Power Windows, Power Doors, Power Steering, Air Conditioning, Cruise Control, Electric Mirrors, ABS Brakes, Alarm System, Spoiler, Fog Lights, Kill Switch, Tilt Steering, Air Bags, Driver Airbag, Passenger Airbag, Side Airbags, Rear-Folding Seats, Adjustable Mirrors from Interior, Clock, Intermittent Wipers, Color Matched Bumpers, Protective Side Moulding, Remote Entry, Rear Wiper, Power Brakes, Child proof locks, Steering wheel audio controls, Rainsensing wipers, Rear window defroster, Skirt Kit",70556,"""Mags 17""""""",5,8995,0,0.0,AUTOMATIC,,"Class C : 1 month or 1,700 km.",,0
http://img.sm360.ca/images/var/images/bdc-hackathon-2019/used_car.jpg,,,3545642,http://img.sm360.ca/images/var/images/bdc-hackathon-2019/used_car.jpg,,,DELETED,3,2007,1,0,0,0,,2013-04-23 21:40:47,2010-08-10 00:00:00,,,2014-10-01 21:28:17,0,5,Front wheel drive,4,0,,Unleaded,,BLEU ÉLECTRIQUE,Passenger,,,Hatchback,3.0,6,Black,Mazda,567,Mazda3 Sport,2598,,1,1,0,"Fully Equipped, AM/FM Radio, CD Player, Power Windows, Power Doors, Power Steering, Air Conditioning, Cruise Control, Electric Mirrors, ABS Brakes, Alarm System, Spoiler, Heated Seat, Fog Lights, Kill Switch, Tilt Steering, Air Bags, Driver Airbag, Passenger Airbag, Side Airbags, Rear-Folding Seats, Adjustable Mirrors from Interior, Clock, Intermittent Wipers, Color Matched Bumpers, Protective Side Moulding, Remote Entry, Rear Wiper, Power Brakes, Child proof locks, Steering wheel audio controls, Rainsensing wipers, Rear window defroster, Skirt Kit",66483,"""Mags 17""""""",5,11795,0,0.0,AUTOMATIC,,"Class C : 1 month or 1,700 km.",,0
http://img.sm360.ca/images/var/images/bdc-hackathon-2019/used_car.jpg,,,3547182,http://img.sm360.ca/images/var/images/bdc-hackathon-2019/used_car.jpg,,,DELETED,3,2008,1,0,0,0,3000.0,2013-04-23 21:40:47,2010-08-11 00:00:00,,,2014-10-01 21:28:17,0,4,All wheel drive,V6,0,,Unleaded,Normally aspirated,White,Passenger,,4 Door Sedan,Sedan,1.0,8,Black,Mercedes-Benz,573,Classe C 300,2319,3.0L,81,1,0,"Fully Equipped, AM/FM Radio, CD Player, Power Windows, Power Doors, Power Steering, Air Conditioning, Cruise Control, Sun Roof, Electric Mirrors, Tinted Windows, ABS Brakes, Alarm System, Alloy Wheels, Heated Seat, Fog Lights, Kill Switch, Tilt Steering, Bucket Seats, Climate Control, Driver Airbag, Passenger Airbag, Side Airbags, Cellular Phone, Electric Seats, Clock, Intermittent Wipers, Interior Trunk Release, Color Matched Bumpers, Rear Heating, Electric Right Front Seat, Electric Left Front Seat, Remote Entry, Tachometer, Onboard Computer, Dual Zone Climate Control, Power Brakes, Traction Control, Heated mirrors, Child proof locks, Steering wheel audio controls, Stability control, Moonroof, Rainsensing wipers, Rear window defroster, MP3 player, Xenon headlights, Skirt Kit, Floor mats",41300,"Sport Package,Bleutooth",5,34995,0,7.0,AUTOMATIC,,Class D,2012/05/16,80000
http://img.sm360.ca/images/var/images/bdc-hackathon-2019/used_car.jpg,,,3548772,http://img.sm360.ca/images/var/images/bdc-hackathon-2019/used_car.jpg,,,DELETED,3,2008,1,0,0,0,,2013-04-23 21:40:47,2010-01-12 00:00:00,,,2013-12-18 21:46:48,0,4,Front wheel drive,4,0,,Unleaded,,Étain,Passenger,,,Sedan,1.0,15,Black,Nissan,561,Altima,2307,2.5 S,118,1,0,"AM/FM Radio, CD Player, Power Windows, Power Doors, Power Steering, Air Conditioning, Cruise Control, Electric Mirrors, ABS Brakes, Alarm System, Kill Switch, Bucket Seats, Driver Airbag, Passenger Airbag, Side Airbags, Rear-Folding Seats, Interior Trunk Release, Remote Entry, Tachometer, Block Heater, Onboard Computer, Power Brakes, Heated mirrors, Child proof locks, Rear window defroster",60000,,0,15995,0,0.0,,,"Class C : 1 month or 1,700 km.",,0
http://img.sm360.ca/images/var/images/bdc-hackathon-2019/used_car.jpg,,,3549244,http://img.sm360.ca/images/var/images/bdc-hackathon-2019/used_car.jpg,,,DELETED,3,2006,1,0,0,0,,2013-04-23 21:40:47,2010-01-12 00:00:00,,,2014-10-01 21:28:17,0,4,4X4,8,0,,Unleaded,,Grey,Pick-Up,,,,,15,Grey,Nissan,561,Titan,2862,SE PRO-4X,116,1,0,"AM/FM Radio, CD Player, Power Windows, Power Doors, Power Steering, Air Conditioning, Cruise Control, Electric Mirrors, Tinted Windows, ABS Brakes, Alarm System, Alloy Wheels, Fog Lights, Kill Switch, Tilt Steering, Bucket Seats, Bed Liner, Air Bags, Driver Airbag, Passenger Airbag, Electric Seats, Compact Disc Changer, Tachometer, Block Heater, Running Boards, Power Brakes, Traction Control, Tow Hitch, Heated mirrors, Steering wheel audio controls, Rear window defroster, MP3 player, Parking assistance",64000,,5,21995,0,5.0,AUTOMATIC,,"Class C : 1 month or 1,700 km.",,0
http://img.sm360.ca/images/var/images/bdc-hackathon-2019/used_car.jpg,,,3550712,http://img.sm360.ca/images/var/images/bdc-hackathon-2019/used_car.jpg,,,DELETED,3,2009,1,0,0,0,,2013-04-23 21:40:47,2010-01-13 00:00:00,,2011-01-26,2014-10-01 21:28:17,0,5,All wheel drive,4,0,,,Turbo,GRIS GALAXIE,Passenger,,,Hatchback,3.0,6,Black,Mazda,567,CX-7,2592,,1,1,0,"Fully Equipped, AM/FM Radio, CD Player, Power Windows, Power Doors, Power Steering, Air Conditioning, Cruise Control, Sun Roof, Electric Mirrors, ABS Brakes, Kill Switch, Tilt Steering, Air Bags, Driver Airbag, Passenger Airbag, Side Airbags, Rear-Folding Seats, Adjustable Mirrors from Interior, Clock, Intermittent Wipers, Color Matched Bumpers, Remote Entry, Rear Wiper, Power Brakes, Traction Control, Heated mirrors, Child proof locks, Steering wheel audio controls, Moonroof, Rear window defroster",27800,MAGS 18 '',5,23995,0,0.0,AUTOMATIC,,"Class C : 1 month or 1,700 km.",,0
http://img.sm360.ca/images/var/images/bdc-hackathon-2019/used_car.jpg,,,3550770,http://img.sm360.ca/images/var/images/bdc-hackathon-2019/used_car.jpg,,,DELETED,3,2007,1,0,0,0,,2013-04-23 21:40:47,2010-01-13 00:00:00,,,2014-10-01 21:28:04,0,4,Rear wheel drive,6,0,,Unleaded,,Black,Passenger,,,,,6,Black,Mazda,567,B3000,2662,,1,1,0,"AM/FM Radio, CD Player, Power Steering, ABS Brakes, Kill Switch, Air Bags, Driver Airbag, Passenger Airbag, Adjustable Mirrors from Interior, Power Brakes",43490,,5,8995,0,5.0,MANUAL,,"Class C : 1 month or 1,700 km.",,0
http://img.sm360.ca/images/var/images/bdc-hackathon-2019/used_car.jpg,,,3553501,http://img.sm360.ca/images/var/images/bdc-hackathon-2019/used_car.jpg,,,DELETED,3,2007,1,0,0,0,,2013-04-23 21:40:47,2010-01-15 00:00:00,,,2014-10-01 21:28:17,0,4,Front wheel drive,4,0,,Premium unleaded,Normally aspirated,Burgandy,Passenger,,4 Door,Hatchback,3.0,8,Grey,Mercedes-Benz,573,Classe B,2732,B200,82,1,0,"Fully Equipped, AM/FM Radio, CD Player, Power Windows, Power Doors, Power Steering, Air Conditioning, Cruise Control, Sun Roof, Electric Mirrors, Tinted Windows, ABS Brakes, Alloy Wheels, Heated Seat, Fog Lights, Kill Switch, Tilt Steering, Air Bags, Climate Control, Driver Airbag, Passenger Airbag, Rear-Folding Seats, Clock, Intermittent Wipers, Interior Trunk Release, Color Matched Bumpers, Rear Heating, Remote Entry, Rear Wiper, Tachometer, Onboard Computer, Split Rear Seats, Power Brakes, Traction Control, Heated mirrors, Child proof locks, Stability control, Moonroof, Rear window defroster, MP3 player, Floor mats",75166,,5,18995,0,5.0,AUTOMATIC,,"Class C : 1 month or 1,700 km.",,0
http://img.sm360.ca/images/var/images/bdc-hackathon-2019/used_car.jpg,,,3555633,http://img.sm360.ca/images/var/images/bdc-hackathon-2019/used_car.jpg,,,DELETED,3,2006,1,0,0,0,0.0,2013-04-23 21:40:47,2010-08-17 00:00:00,2006-07-21,2011-04-03,2014-10-01 21:28:17,0,5,Front wheel drive,4,0,,Unleaded,,Grey,Passenger,,HATCHBACK,Hatchback,3.0,22,Black,Mazda,567,Mazda3 Sport,2598,GARANTIE 10 ANS,239,1,0,"AM/FM Radio, CD Player, Power Windows, Power Steering, Air Conditioning, Alloy Wheels, Fog Lights, Tilt Steering, Air Bags, Driver Airbag, Passenger Airbag, Clock, Intermittent Wipers, Remote Entry, Rear Wiper, Tachometer, Child proof locks, Floor mats",79990,,5,9888,0,5.0,AUTOMATIC,,"Class C : 1 month or 1,700 km.",2011/07/21,100000
http://img.sm360.ca/images/var/images/bdc-hackathon-2019/used_car.jpg,,,3561594,http://img.sm360.ca/images/var/images/bdc-hackathon-2019/used_car.jpg,,,DELETED,3,2009,1,0,0,0,0.0,2013-04-23 21:40:47,2010-01-20 00:00:00,2009-01-20,,2014-10-01 21:28:17,0,5,Front wheel drive,4,0,,Unleaded,Normally aspirated,Silver,Passenger,,hayon 5portes,Hatchback,3.0,12,Black,Nissan,561,Versa,2314,S option +,101,1,0,"Fully Equipped, AM/FM Radio, CD Player, Power Windows, Power Doors, Power Steering, Air Conditioning, Electric Mirrors, Kill Switch, Tilt Steering, Air Bags, Wheel Covers, Driver Airbag, Passenger Airbag, Side Airbags, Rear-Folding Seats, Adjustable Mirrors from Interior, Intermittent Wipers, Interior Trunk Release, Color Matched Bumpers, Remote Entry, Rear Wiper, Tachometer, Block Heater, Split Rear Seats, Heated mirrors, Child proof locks, Rear window defroster",54700,,5,10995,0,4.0,AUTOMATIC,,Class D,,0
http://img.sm360.ca/images/var/images/bdc-hackathon-2019/used_car.jpg,,,3561678,http://img.sm360.ca/images/var/images/bdc-hackathon-2019/used_car.jpg,,,DELETED,3,2009,1,0,0,0,0.0,2013-04-23 21:40:47,2010-01-20 00:00:00,,2009-01-20,2014-10-01 21:28:17,0,5,Front wheel drive,4,0,,Unleaded,Normally aspirated,Grey,Passenger,,hayon 5portes,Hatchback,3.0,12,Black,Nissan,561,Versa,2314,S option +,101,1,0,"Fully Equipped, AM/FM Radio, CD Player, Power Windows, Power Doors, Power Steering, Air Conditioning, Electric Mirrors, ABS Brakes, Tilt Steering, Air Bags, Wheel Covers, Driver Airbag, Passenger Airbag, Side Airbags, Rear-Folding Seats, Adjustable Mirrors from Interior, Clock, Intermittent Wipers, Interior Trunk Release, Remote Entry, Rear Wiper, Tachometer, Block Heater, Split Rear Seats, Power Brakes, Heated mirrors, Child proof locks",49000,,5,10995,0,4.0,AUTOMATIC,,Class D,,0
http://img.sm360.ca/images/var/images/bdc-hackathon-2019/used_car.jpg,,,3562141,http://img.sm360.ca/images/var/images/bdc-hackathon-2019/used_car.jpg,,,DELETED,3,2007,1,0,0,0,,2013-04-23 21:40:47,2010-01-20 00:00:00,,,2014-10-01 21:28:17,0,4,Front wheel drive,4,0,,Unleaded,Turbo,Gris Comet,Passenger,,Hatchback 4 Portes,Hatchback,3.0,8,Black,Mercedes-Benz,573,Classe B,2732,Turbo,76,1,0,"Fully Equipped, AM/FM Radio, CD Player, Power Doors, Power Steering, Air Conditioning, Cruise Control, Sun Roof, Electric Mirrors, Tinted Windows, Leather Interior, ABS Brakes, Alarm System, Spoiler, Alloy Wheels, Heated Seat, Fog Lights, Kill Switch, Tilt Steering, Bucket Seats, Air Bags, Climate Control, Driver Airbag, Passenger Airbag, Side Airbags, Electric Seats, Rear-Folding Seats, Clock, Intermittent Wipers, Interior Trunk Release, Color Matched Bumpers, Protective Side Moulding, Rear Heating, Electric Right Front Seat, Electric Left Front Seat, Remote Entry, Rear Wiper, Tachometer, Onboard Computer, Dual Zone Climate Control, Split Rear Seats, Power Brakes, Traction Control, Heated mirrors, Child proof locks, Steering wheel audio controls, Stability control, Moonroof, Rainsensing wipers, Rear window defroster, Xenon headlights, Skirt Kit, Floor mats",50500,,5,24195,0,6.0,AUTOMATIC,,"Class C : 1 month or 1,700 km.",,0
http://img.sm360.ca/images/var/images/bdc-hackathon-2019/used_car.jpg,,,3565032,http://img.sm360.ca/images/var/images/bdc-hackathon-2019/used_car.jpg,,,DELETED,3,2007,1,0,0,0,,2013-04-23 21:40:47,2010-01-23 00:00:00,2006-01-08,,2014-10-01 21:28:04,0,4,Front wheel drive,I4,0,,,,Black,Passenger,,,Sedan,1.0,9,Grey,Hyundai,563,Accent,2377,,1,1,0,"AM/FM Radio, CD Player, Power Windows, Power Doors, Power Steering, Air Conditioning, Electric Mirrors, Tilt Steering, Hood Protector, Clock, Intermittent Wipers, Tachometer, Remote Starter, Power Brakes, MP3 player",65166,Buriné,5,6495,0,5.0,MANUAL,,"Class C : 1 month or 1,700 km.",2011/11/08,100000
http://img.sm360.ca/images/var/images/bdc-hackathon-2019/used_car.jpg,,,3565551,http://img.sm360.ca/images/var/images/bdc-hackathon-2019/used_car.jpg,,,DELETED,3,2006,1,0,0,0,,2013-04-23 21:40:47,2010-01-24 00:00:00,,,2014-10-01 21:28:04,0,4,,4,0,,,,Red,Passenger,,,Sedan,1.0,6,Black,Mazda,567,Mazda3,2313,,1,1,0,"Fully Equipped, AM/FM Radio, CD Player, Power Windows, Power Doors, Power Steering, Air Conditioning, Cruise Control, Sun Roof, Electric Mirrors, Leather Interior, Alloy Wheels, Fog Lights, Tilt Steering, Air Bags, Rear-Folding Seats, Adjustable Mirrors from Interior, Intermittent Wipers, Protective Side Moulding, Remote Entry, Tachometer, Power Brakes, Steering wheel audio controls",73234,,4,9995,0,5.0,MANUAL,,"Class C : 1 month or 1,700 km.",,0
http://img.sm360.ca/images/var/images/bdc-hackathon-2019/used_car.jpg,,,3566596,http://img.sm360.ca/images/var/images/bdc-hackathon-2019/used_car.jpg,,,DELETED,3,2001,1,0,0,0,,2013-04-23 21:40:47,2010-01-24 00:00:00,,,2014-10-01 21:28:04,0,3,Front wheel drive,I4,0,,,,Blue,Passenger,,,Hatchback,3.0,2,Black,Suzuki,785,Swift,2727,,1,1,0,"AM/FM Radio, Driver Airbag, Passenger Airbag, Tachometer",154200,,4,1495,0,5.0,MANUAL,,Class D,,0
http://img.sm360.ca/images/var/images/bdc-hackathon-2019/used_car.jpg,,,3571023,http://img.sm360.ca/images/var/images/bdc-hackathon-2019/used_car.jpg,,,DELETED,3,2007,1,0,0,0,0.0,2013-04-23 21:40:47,2010-08-26 00:00:00,2007-03-08,,2014-10-01 21:28:17,0,4,All wheel drive,V6,0,,Unleaded,Normally aspirated,White,Sport Utility,,4 Door,Fullsize,,8,Cuir Noir,Mercedes-Benz,573,Classe M,4312,3.5L,80,1,0,"Fully Equipped, AM/FM Radio, CD Player, Power Windows, Power Doors, Power Steering, Air Conditioning, Cruise Control, Sun Roof, Electric Mirrors, Tinted Windows, Leather Interior, ABS Brakes, Alarm System, Spoiler, Alloy Wheels, Heated Seat, Fog Lights, Kill Switch, Tilt Steering, Bucket Seats, Rear Step Bumper, Climate Control, Driver Airbag, Passenger Airbag, Side Airbags, Cellular Phone, Electric Seats, Rear-Folding Seats, Clock, Intermittent Wipers, Interior Trunk Release, Color Matched Bumpers, Rear Heating, Electric Right Front Seat, Electric Left Front Seat, Compact Disc Changer, Remote Entry, Rear Wiper, Tachometer, Running Boards, Navigation Computer, Onboard Computer, Dual Zone Climate Control, Memory Seats, TV/Video, Split Rear Seats, Power Brakes, Traction Control, Heated mirrors, Child proof locks, Steering wheel audio controls, Stability control, Moonroof, Rainsensing wipers, Rear window defroster, MP3 player, Parking assistance, Skirt Kit, Floor mats",52775,"Premium Pack,Sport Package,Harmond Kardon System,Tv dans Appui Tête,Volant électrique,Camera de Recul",5,36295,0,7.0,AUTOMATIC,,"Class C : 1 month or 1,700 km.",2011/08/03,80000
http://img.sm360.ca/images/var/images/bdc-hackathon-2019/used_car.jpg,,,3574348,http://img.sm360.ca/images/var/images/bdc-hackathon-2019/used_car.jpg,,,DELETED,3,2006,1,0,0,0,,2013-04-23 21:40:47,2010-01-30 00:00:00,,,2014-10-01 21:28:04,0,4,All wheel drive,4,0,,,Turbo,Red,Passenger,,,Sedan,1.0,6,Black,Mazda,567,Mazda6,2593,,1,1,0,"Fully Equipped, AM/FM Radio, CD Player, Power Windows, Power Doors, Power Steering, Air Conditioning, Cruise Control, Sun Roof, Electric Mirrors, Leather Interior, ABS Brakes, Alarm System, Heated Seat, Fog Lights, Kill Switch, Tilt Steering, Air Bags, Climate Control, Driver Airbag, Passenger Airbag, Side Airbags, Adjustable Mirrors from Interior, Clock, Intermittent Wipers, Color Matched Bumpers, Electric Left Front Seat, Compact Disc Changer, Remote Entry, Power Brakes, Traction Control, Heated mirrors, Child proof locks, Steering wheel audio controls, Stability control, Moonroof, Rear window defroster, In-dash CD changer, Xenon headlights",88964,MAGS 18 '',5,16995,0,6.0,MANUAL,,"Class C : 1 month or 1,700 km.",,0
http://img.sm360.ca/images/var/images/bdc-hackathon-2019/used_car.jpg,,,3575053,http://img.sm360.ca/images/var/images/bdc-hackathon-2019/used_car.jpg,,,DELETED,3,2007,1,0,0,0,,2013-04-23 21:40:47,2010-01-30 00:00:00,2007-01-16,,2014-10-01 21:28:17,0,5,Front wheel drive,4,0,,Unleaded,,Grey,Passenger,,,Sedan,1.0,11,Grey,Nissan,561,Altima,2307,S,27,1,0,"Fully Equipped, AM/FM Radio, CD Player, Power Windows, Power Doors, Power Steering, Air Conditioning, ABS Brakes, Alloy Wheels, Tilt Steering, Air Bags, Adjustable Mirrors from Interior, Clock, Interior Trunk Release, Remote Entry, Tachometer, Block Heater, Remote Starter, Power Brakes, Heated mirrors, Child proof locks, Stability control, Floor mats",92000,,5,10995,0,0.0,AUTOMATIC,,Class D,2012/03/16,100000
http://img.sm360.ca/images/var/images/bdc-hackathon-2019/used_car.jpg,,,3578007,http://img.sm360.ca/images/var/images/bdc-hackathon-2019/used_car.jpg,,,DELETED,3,2006,1,0,0,0,0.0,2013-04-23 21:40:47,2010-09-01 00:00:00,2007-03-30,2011-04-02,2014-10-01 21:28:04,0,5,Front wheel drive,4,0,,Unleaded,,Red,Passenger,,,Hatchback,3.0,22,Black,Mazda,567,Mazda3 Sport,2598,GARANTIE 10 ANS,239,1,0,"AM/FM Radio, CD Player, Power Windows, Power Doors, Power Steering, Tinted Windows, Spoiler, Alloy Wheels, Fog Lights, Tilt Steering, Air Bags, Driver Airbag, Passenger Airbag, Rear-Folding Seats, Adjustable Mirrors from Interior, Clock, Intermittent Wipers, Remote Entry, Rear Wiper, Tachometer, Split Rear Seats, Child proof locks, Steering wheel audio controls, Skirt Kit, Floor mats",56500,"""Chargeur 6 CD au tableau de bord, Haut-parleur d'extrêmes grave intégré à la valise""",5,13990,0,5.0,MANUAL,,"Class C : 1 month or 1,700 km.",2012/03/30,100000
http://img.sm360.ca/images/var/images/bdc-hackathon-2019/used_car.jpg,,,3587007,http://img.sm360.ca/images/var/images/bdc-hackathon-2019/used_car.jpg,,,DELETED,3,2008,1,0,0,0,0.0,2013-04-23 21:40:47,2010-01-07 00:00:00,2007-01-23,,2014-10-01 21:28:17,0,5,All wheel drive,4,0,,Unleaded,,Rouge Gris,Sport Utility,,,,,11,Black,Nissan,561,Rogue,2329,SL AWD,100,1,0,"Fully Equipped, AM/FM Radio, CD Player, Power Windows, Power Doors, Power Steering, Air Conditioning, Cruise Control, Tinted Windows, ABS Brakes, Alloy Wheels, Tilt Steering, Air Bags, Intermittent Wipers, Remote Entry, Rear Wiper, Tachometer, Block Heater, Power Brakes, Heated mirrors, Child proof locks, MP3 player, Floor mats",81875,,5,17995,0,0.0,AUTOMATIC,,Class D,2012/11/23,100000
http://img.sm360.ca/images/var/images/bdc-hackathon-2019/used_car.jpg,,,3590983,http://img.sm360.ca/images/var/images/bdc-hackathon-2019/used_car.jpg,,,DELETED,3,2010,1,0,0,0,0.0,2013-04-23 21:40:47,2010-09-09 00:00:00,2011-09-08,,2014-10-01 21:28:17,1,2,Rear wheel drive,4,0,,,Turbo,Rouge Tsukuba,Passenger,,,Coupe,2.0,22,Black,Hyundai,563,Genesis Coupe,2387,2.0T,251,1,0,"CD Player, Power Windows, Power Doors, Air Conditioning, Cruise Control, Sun Roof, Electric Mirrors, Tinted Windows, Leather Interior, Alarm System, Spoiler, Alloy Wheels, Heated Seat, Tilt Steering, Intermittent Wipers, Remote Entry, Power Brakes, Traction Control, Heated mirrors, Stability control",5800,,4,25985,0,5.0,AUTOMATIC,,Class D,,0
http://img.sm360.ca/images/var/images/bdc-hackathon-2019/used_car.jpg,,,3591021,http://img.sm360.ca/images/var/images/bdc-hackathon-2019/used_car.jpg,,,DELETED,3,2011,1,0,0,0,,2013-04-23 21:40:47,2010-09-09 00:00:00,2010-09-09,,2014-10-01 21:28:17,1,4,Front wheel drive,4,0,,,,Gris Radiant,Passenger,,,Sedan,1.0,22,Grey,Hyundai,563,Sonata,2378,GL,21,1,0,,500,,4,24350,0,6.0,AUTOMATIC,,Class D,,0
http://img.sm360.ca/images/var/images/bdc-hackathon-2019/used_car.jpg,,,3592158,http://img.sm360.ca/images/var/images/bdc-hackathon-2019/used_car.jpg,,,DELETED,3,2008,1,0,0,0,0.0,2013-04-23 21:40:47,2010-01-10 00:00:00,,,2011-03-20 00:00:00,0,5,Front wheel drive,4,0,,,,Grey,Passenger,,4 Door,Hatchback,3.0,12,Black,Nissan,561,Versa,2314,SL,99,1,0,"Fully Equipped, AM/FM Radio, CD Player, Power Windows, Power Doors, Power Steering, Air Conditioning, Cruise Control, Electric Mirrors, Tinted Windows, Alloy Wheels, Kill Switch, Tilt Steering, Adjustable Mirrors from Interior, Intermittent Wipers, Interior Trunk Release, Interior Fuel Latch, Compact Disc Changer, Remote Entry, Rear Wiper, Tachometer, Block Heater, Split Rear Seats, Power Brakes",104000,,5,8995,0,0.0,,,"Class B : 3 months or 5,000 km.",2018/01/01,200000
http://img.sm360.ca/images/var/images/bdc-hackathon-2019/used_car.jpg,,,3592399,http://img.sm360.ca/images/var/images/bdc-hackathon-2019/used_car.jpg,,,DELETED,3,2008,1,0,0,0,0.0,2013-04-23 21:40:47,2010-09-10 00:00:00,2008-09-29,,2014-10-01 21:28:17,0,4,Front wheel drive,4,0,,Unleaded,Normally aspirated,Black,Sport Utility,,,Fullsize,,4,Black,Kia,597,Rondo,2381,EX,31,1,0,"Fully Equipped, CD Player, Power Windows, Power Doors, Power Steering, Air Conditioning, Cruise Control, ABS Brakes, Alloy Wheels, Heated Seat, Tilt Steering, Air Bags, Driver Airbag, Passenger Airbag, Remote Entry, Rear Wiper, Tachometer, Power Brakes, Child proof locks, Rear window defroster, MP3 player, Floor mats",40085,,5,13990,0,0.0,AUTOMATIC,,"Class B : 3 months or 5,000 km.",2013/09/29,100000
http://img.sm360.ca/images/var/images/bdc-hackathon-2019/used_car.jpg,,,3596275,http://img.sm360.ca/images/var/images/bdc-hackathon-2019/used_car.jpg,,,DELETED,3,2005,1,0,0,0,,2013-04-23 21:40:47,2010-09-14 00:00:00,,,2014-10-01 21:28:17,0,4,Front wheel drive,4,0,,,,Blue,Passenger,,4 Door,Sedan,1.0,12,Grey,Nissan,561,Sentra,2406,,1,1,0,"Fully Equipped, AM/FM Radio, CD Player, Power Windows, Power Doors, Power Steering, Air Conditioning, Kill Switch, Tilt Steering, Adjustable Mirrors from Interior, Tachometer, Power Brakes",175000,,5,3995,0,4.0,AUTOMATIC,,"Class C : 1 month or 1,700 km.",,0
http://img.sm360.ca/images/var/images/bdc-hackathon-2019/used_car.jpg,,,3598202,http://img.sm360.ca/images/var/images/bdc-hackathon-2019/used_car.jpg,,,DELETED,3,2006,1,0,0,0,0.0,2013-04-23 21:40:47,2010-09-15 00:00:00,2006-04-26,2011-03-16,2014-10-01 21:28:17,0,4,Front wheel drive,6,0,,Unleaded,,Grey,Passenger,,,Station wagon,5.0,22,Grey,Hyundai,563,Santa Fe,2376,GL GARANTIE 10 ANS,237,1,0,"AM/FM Radio, CD Player, Power Windows, Power Doors, Power Steering, Air Conditioning, Cruise Control, Electric Mirrors, Tinted Windows, Alloy Wheels, Kill Switch, Tilt Steering, Air Bags, Adjustable Mirrors from Interior, Intermittent Wipers, Rear Wiper, Tachometer, Power Brakes",36000,"Pneu 4 Saison,Démarreur a distance (Non-Garantie)",5,11485,0,0.0,AUTOMATIC,,Class D,2011/04/26,100000
http://img.sm360.ca/images/var/images/bdc-hackathon-2019/used_car.jpg,,,3598276,http://img.sm360.ca/images/var/images/bdc-hackathon-2019/used_car.jpg,,,DELETED,3,2007,1,0,0,0,0.0,2013-04-23 21:40:47,2010-01-15 00:00:00,2006-01-27,2011-01-08,2014-10-01 21:28:04,0,5,Front wheel drive,4,0,,Unleaded,,Blue,Passenger,,,Hatchback,3.0,11,grey,Nissan,561,Versa,2314,SL,99,1,0,"Fully Equipped, AM/FM Radio, CD Player, Power Windows, Power Doors, Power Steering, Air Conditioning, Cruise Control, ABS Brakes, Alloy Wheels, Tilt Steering, Air Bags, Clock, Intermittent Wipers, Remote Entry, Rear Wiper, Tachometer, Block Heater, Power Brakes, Heated mirrors, Child proof locks, Floor mats",76118,,5,8485,0,0.0,MANUAL,,,2011/07/27,100000
http://img.sm360.ca/images/var/images/bdc-hackathon-2019/used_car.jpg,,,3602445,http://img.sm360.ca/images/var/images/bdc-hackathon-2019/used_car.jpg,,,DELETED,3,2007,1,0,0,0,,2013-04-23 21:40:47,2010-09-17 00:00:00,2006-10-16,,2014-10-01 21:28:17,0,4,Front wheel drive,4,0,,,,Black,Passenger,,,Sedan,1.0,2,Black,Kia,597,Magentis,2668,,1,1,0,"Fully Equipped, AM/FM Radio, CD Player, Power Windows, Power Doors, Power Steering, Air Conditioning, Cruise Control, Electric Mirrors, Tilt Steering, Air Bags, Clock, Intermittent Wipers, Interior Trunk Release, Tachometer, Power Brakes",89606,,5,8995,0,5.0,AUTOMATIC,,Class D,2011/10/16,100000
http://img.sm360.ca/images/var/images/bdc-hackathon-2019/used_car.jpg,,,3606770,http://img.sm360.ca/images/var/images/bdc-hackathon-2019/used_car.jpg,,,DELETED,3,2005,1,0,0,0,,2013-04-23 21:40:47,2010-01-21 00:00:00,,,2014-10-01 21:28:04,0,4,All wheel drive,4,0,,Premium unleaded,Turbo,White,Passenger,,,,,4,Noir/bleu,Subaru,802,Impreza,2749,STI,50,1,0,"Fully Equipped, CD Player, Power Windows, Power Doors, Power Steering, Air Conditioning, Cruise Control, Spoiler, Alloy Wheels, Compact Disc Changer, Remote Entry",21850,,5,32995,0,5.0,MANUAL,,Class D,,0
http://img.sm360.ca/images/var/images/bdc-hackathon-2019/used_car.jpg,,,3606792,http://img.sm360.ca/images/var/images/bdc-hackathon-2019/used_car.jpg,,,DELETED,3,2005,1,0,0,0,,2013-04-23 21:40:47,2010-01-21 00:00:00,,,2014-10-01 21:28:04,0,4,Front wheel drive,4,0,,Unleaded,,Grey,Passenger,,,Sedan,1.0,7,Grey,Mazda,567,Mazda3,2313,GS,26,1,0,"Fully Equipped, AM/FM Radio, CD Player, Power Windows, Power Doors, Power Steering, Air Conditioning, Cruise Control, Electric Mirrors, Alarm System, Alloy Wheels, Tilt Steering, Bucket Seats, Air Bags, Driver Airbag, Passenger Airbag, Adjustable Mirrors from Interior, Clock, Intermittent Wipers, Remote Entry, Power Brakes, Child proof locks, Steering wheel audio controls, Rear window defroster, Floor mats",82237,,5,7990,0,5.0,MANUAL,,"Class C : 1 month or 1,700 km.",,0
http://img.sm360.ca/images/var/images/bdc-hackathon-2019/used_car.jpg,,,3606815,http://img.sm360.ca/images/var/images/bdc-hackathon-2019/used_car.jpg,,,DELETED,3,2009,1,0,0,0,,2013-04-23 21:40:47,2010-01-21 00:00:00,2008-01-12,,2014-10-01 21:28:04,0,4,Front wheel drive,4,0,,Unleaded,,Grey,Passenger,,4 Door Sedan,Sedan,1.0,7,Grey,Mazda,567,Mazda3,2313,GX,63,1,0,"AM/FM Radio, CD Player, Power Steering, ABS Brakes, Tilt Steering, Bucket Seats, Air Bags, Wheel Covers, Driver Airbag, Passenger Airbag, Side Airbags, Adjustable Mirrors from Interior, Clock, Interior Trunk Release, Interior Fuel Latch, Color Matched Bumpers, Tachometer, Child proof locks, Rear window defroster, MP3 player, Floor mats",73690,,5,9990,0,5.0,MANUAL,,"Class C : 1 month or 1,700 km.",2013/12/12,100000
http://img.sm360.ca/images/var/images/bdc-hackathon-2019/used_car.jpg,,,3607244,http://img.sm360.ca/images/var/images/bdc-hackathon-2019/used_car.jpg,,,DELETED,3,2008,1,0,0,0,0.0,2013-04-23 21:40:47,2010-09-21 00:00:00,2007-12-12,2011-03-15,2014-10-01 21:28:17,0,5,All wheel drive,6,0,,Unleaded,,Sable,Passenger,,,Hatchback,3.0,22,Gris et Crème,Mazda,567,Tribute,2599,GARANTIE 10 ANS,239,1,0,"Fully Equipped, AM/FM Radio, CD Player, Power Windows, Power Doors, Power Steering, Air Conditioning, Cruise Control, Electric Mirrors, Tinted Windows, Alloy Wheels, Fog Lights, Tilt Steering, Air Bags, Driver Airbag, Passenger Airbag, Rear-Folding Seats, Clock, Intermittent Wipers, Remote Entry, Rear Wiper, Tachometer, Roof Rack, Split Rear Seats, Child proof locks, Floor mats",90900,,5,14995,0,0.0,AUTOMATIC,,"Class C : 1 month or 1,700 km.",2012/12/12,100000
http://img.sm360.ca/images/var/images/bdc-hackathon-2019/used_car.jpg,,,3607935,http://img.sm360.ca/images/var/images/bdc-hackathon-2019/used_car.jpg,,,DELETED,3,2006,1,0,0,0,,2013-04-23 21:40:47,2010-01-21 00:00:00,2007-01-02,2011-01-15,2014-10-01 21:28:17,0,4,Front wheel drive,4,0,,,,Blue,Passenger,,,Sedan,1.0,9,Grey,Mitsubishi,583,Lancer,2343,,1,1,0,"AM/FM Radio, CD Player, Power Windows, Power Doors, Power Steering, Air Conditioning, Electric Mirrors, Tilt Steering, Air Bags, Adjustable Mirrors from Interior, Intermittent Wipers, Remote Entry, Tachometer, Remote Starter, Power Brakes, Child proof locks, Rear window defroster",58096,,5,7995,0,4.0,AUTOMATIC,,"Class C : 1 month or 1,700 km.",2017/04/02,160000
http://img.sm360.ca/images/var/images/bdc-hackathon-2019/used_car.jpg,,,3611271,http://img.sm360.ca/images/var/images/bdc-hackathon-2019/used_car.jpg,,,DELETED,3,2006,1,0,0,0,,2013-04-23 21:40:47,2010-01-23 00:00:00,,2011-01-07,2014-10-01 21:28:17,0,4,Front wheel drive,V6,0,,Unleaded,,Brun,Passenger,,,Sedan,1.0,11,grey,Buick,602,Allure,2828,CX,98,1,0,"Fully Equipped, AM/FM Radio, CD Player, Power Windows, Power Doors, Power Steering, Air Conditioning, Cruise Control, Tinted Windows, ABS Brakes, Tilt Steering, Air Bags, Wheel Covers, Adjustable Mirrors from Interior, Clock, Interior Trunk Release, Remote Entry, Tachometer, Power Brakes, Child proof locks",92500,,5,7995,0,4.0,AUTOMATIC,,,,0
http://img.sm360.ca/images/var/images/bdc-hackathon-2019/used_car.jpg,,,3612268,http://img.sm360.ca/images/var/images/bdc-hackathon-2019/used_car.jpg,,,DELETED,3,2008,1,0,0,0,2000.0,2013-04-23 21:40:47,2010-09-23 00:00:00,2008-01-28,,2014-10-01 21:28:17,0,4,Front wheel drive,4,0,,Unleaded,,Argent Continental,Passenger,,,Sedan,1.0,22,Grey,Hyundai,563,Elantra,2375,GL GARANTIE 10 ANS,237,1,0,"AM/FM Radio, CD Player, Power Windows, Power Doors, Power Steering, Air Conditioning, Cruise Control, Electric Mirrors, Alarm System, Heated Seat, Bucket Seats, Driver Airbag, Passenger Airbag, Intermittent Wipers, Interior Trunk Release, Tachometer, Power Brakes, Heated mirrors, Child proof locks, Rear window defroster, MP3 player, Floor mats",73241,,5,12485,0,4.0,AUTOMATIC,,"Class C : 1 month or 1,700 km.",,0
http://img.sm360.ca/images/var/images/bdc-hackathon-2019/used_car.jpg,,,3612596,http://img.sm360.ca/images/var/images/bdc-hackathon-2019/used_car.jpg,,,DELETED,3,2008,1,0,0,0,,2013-04-23 21:40:47,2010-01-23 00:00:00,2008-01-20,2011-01-09,2014-10-01 21:28:17,0,4,4X4,V8,0,,,,Blue,Pick-Up,,Supercab,,,2,Grey,Ford,562,F-150,2308,- Boîte 8',2,1,0,"AM/FM Radio, CD Player, Power Windows, Power Doors, Power Steering, Air Conditioning, Cruise Control, Electric Mirrors, Captain Chair, ABS Brakes, Fog Lights, Tilt Steering, Long Box, Extended Cab, Bed Liner, Rear Step Bumper, Air Bags, Hood Protector, Adjustable Mirrors from Interior, Clock, Intermittent Wipers, Tachometer, Running Boards, Power Brakes, Traction Control, MP3 player",55022,,6,22993,0,4.0,AUTOMATIC,,"Class B : 3 months or 5,000 km.",2011/05/20,60000
http://img.sm360.ca/images/var/images/bdc-hackathon-2019/used_car.jpg,,,3614028,http://img.sm360.ca/images/var/images/bdc-hackathon-2019/used_car.jpg,,,DELETED,3,2007,1,0,0,0,,2013-04-23 21:40:47,2010-01-24 00:00:00,2007-01-31,,2014-10-01 21:28:17,0,5,Front wheel drive,V6,0,,,,Silver,Mini Van,,,,,2,Grey,Dodge,569,Grand Caravan,2315,,1,1,0,"AM/FM Radio, CD Player, Power Windows, Power Doors, Power Steering, Air Conditioning, Cruise Control, Electric Mirrors, ABS Brakes, Kill Switch, Tilt Steering, Air Bags, Adjustable Mirrors from Interior, Clock, Intermittent Wipers, Remote Entry, Power Brakes, Dual sliding doors, Third row seating, Rear window defroster",75982,,7,11495,0,4.0,AUTOMATIC,,Class D,2012/03/31,100000
http://img.sm360.ca/images/var/images/bdc-hackathon-2019/used_car.jpg,,,3614327,http://img.sm360.ca/images/var/images/bdc-hackathon-2019/used_car.jpg,,,DELETED,3,2011,1,0,0,0,,2013-04-23 21:40:47,2010-09-24 00:00:00,2010-09-24,,2014-10-01 21:28:17,1,4,Front wheel drive,4,0,,,,Argent céleste,Passenger,,,Sedan,1.0,22,,Hyundai,563,Sonata,2378,Limited Nav,254,1,0,,1200,,5,32675,0,6.0,AUTOMATIC,,Class D,,0
http://img.sm360.ca/images/var/images/bdc-hackathon-2019/used_car.jpg,,,3614335,http://img.sm360.ca/images/var/images/bdc-hackathon-2019/used_car.jpg,,,DELETED,3,2011,1,0,0,0,,2013-04-23 21:40:47,2010-09-24 00:00:00,2010-09-24,,2014-10-01 21:28:17,1,4,Front wheel drive,4,0,,,,Argent celeste,Passenger,,,Sedan,1.0,22,,Hyundai,563,Sonata,2378,LIMITED,9,1,0,,4300,,5,30675,0,6.0,AUTOMATIC,,Class D,,0
http://img.sm360.ca/images/var/images/bdc-hackathon-2019/used_car.jpg,,,3619822,http://img.sm360.ca/images/var/images/bdc-hackathon-2019/used_car.jpg,,,DELETED,3,2005,1,0,0,0,,2013-04-23 21:40:47,2010-09-29 00:00:00,2005-04-29,2011-04-19,2014-10-01 21:28:04,0,4,Front wheel drive,4,0,,,,Silver,Passenger,,,Sedan,1.0,9,Black,Mitsubishi,583,Lancer,2343,,1,1,0,"AM/FM Radio, CD Player, Power Windows, Power Doors, Power Steering, Air Conditioning, Cruise Control, Electric Mirrors, ABS Brakes, Spoiler, Alloy Wheels, Fog Lights, Tilt Steering, Air Bags, Adjustable Mirrors from Interior, Clock, Intermittent Wipers, Remote Entry, Tachometer, Power Brakes",146313,Prise auxiliaire,5,6995,0,5.0,MANUAL,,Class D,2015/04/29,160000
http://img.sm360.ca/images/var/images/bdc-hackathon-2019/used_car.jpg,,,3620336,http://img.sm360.ca/images/var/images/bdc-hackathon-2019/used_car.jpg,,,DELETED,3,2003,1,0,0,0,,2013-04-23 21:40:47,2010-01-29 00:00:00,,,2014-10-01 21:28:04,0,4,4X4,V6,0,,Unleaded,,Étain,Sport Utility,,,,,15,Beige,Nissan,561,Xterra,2416,XE,65,1,0,"AM/FM Radio, CD Player, Power Windows, Power Doors, Power Steering, Air Conditioning, Cruise Control, Electric Mirrors, ABS Brakes, Alarm System, Bucket Seats, Driver Airbag, Passenger Airbag, Rear-Folding Seats, Tachometer, Block Heater, Roof Rack, Running Boards, Power Brakes, Child proof locks",180000,,5,5995,0,5.0,MANUAL,,Class D,,0
http://img.sm360.ca/images/var/images/bdc-hackathon-2019/used_car.jpg,,,3620349,http://img.sm360.ca/images/var/images/bdc-hackathon-2019/used_car.jpg,,,DELETED,3,2003,1,0,0,0,,2013-04-23 21:40:47,2010-01-29 00:00:00,,,2014-10-01 21:28:17,0,4,Front wheel drive,8,0,,Unleaded,,Silver,Passenger,,,Sedan,1.0,15,Black,Cadillac,798,DeVille,4055,,1,1,0,"AM/FM Radio, Cassette Player, CD Player, Power Windows, Power Doors, Power Steering, Air Conditioning, Cruise Control, Electric Mirrors, Leather Interior, ABS Brakes, Alarm System, Alloy Wheels, Heated Seat, Fog Lights, Climate Control, Driver Airbag, Passenger Airbag, Side Airbags, Electric Seats, Interior Trunk Release, Remote Entry, Tachometer, Power Brakes, Traction Control, Heated mirrors, Child proof locks, Steering wheel audio controls, Floor mats",94000,,0,6995,0,4.0,AUTOMATIC,,"Class C : 1 month or 1,700 km.",,0
http://img.sm360.ca/images/var/images/bdc-hackathon-2019/used_car.jpg,,,3620369,http://img.sm360.ca/images/var/images/bdc-hackathon-2019/used_car.jpg,,,DELETED,3,2004,1,0,0,0,,2013-04-23 21:40:47,2010-01-29 00:00:00,,,2014-10-01 21:28:17,0,4,Front wheel drive,4,0,,Unleaded,,Silver,Passenger,,,Sedan,1.0,15,Grey,Chevrolet,575,Malibu,2371,,1,1,0,"AM/FM Radio, CD Player, Power Windows, Power Doors, Power Steering, Air Conditioning, Electric Mirrors, Alarm System, Bucket Seats, Driver Airbag, Passenger Airbag, Electric Seats, Interior Trunk Release, Remote Entry, Tachometer, Rear window defroster, Floor mats",125000,,0,2995,0,4.0,AUTOMATIC,,Class D,,0
http://img.sm360.ca/images/var/images/bdc-hackathon-2019/used_car.jpg,,,3620382,http://img.sm360.ca/images/var/images/bdc-hackathon-2019/used_car.jpg,,,DELETED,3,2004,1,0,0,0,,2013-04-23 21:40:47,2010-01-29 00:00:00,,,2014-10-01 21:28:17,0,4,Front wheel drive,4,0,,Unleaded,,Silver,Passenger,,,Sedan,1.0,15,Grey,Nissan,561,Sentra,2406,1.8 SE,114,1,0,"AM/FM Radio, CD Player, Power Windows, Power Doors, Power Steering, Air Conditioning, Electric Mirrors, Alarm System, Bucket Seats, Driver Airbag, Passenger Airbag, Rear-Folding Seats, Interior Trunk Release, Tachometer, Block Heater, Child proof locks, Rear window defroster, Floor mats",87000,,0,4995,0,4.0,AUTOMATIC,,"Class C : 1 month or 1,700 km.",,0
http://img.sm360.ca/images/var/images/bdc-hackathon-2019/used_car.jpg,,,3620391,http://img.sm360.ca/images/var/images/bdc-hackathon-2019/used_car.jpg,,,DELETED,3,2004,1,0,0,0,,2013-04-23 21:40:47,2010-01-29 00:00:00,,,2014-10-01 21:28:17,0,4,Front wheel drive,4,0,,Unleaded,,Étain,Passenger,,,Sedan,1.0,15,Beige,Nissan,561,Sentra,2406,1.8S,110,1,0,"AM/FM Radio, CD Player, Power Windows, Power Doors, Power Steering, Air Conditioning, Cruise Control, Electric Mirrors, Alarm System, Bucket Seats, Driver Airbag, Passenger Airbag, Rear-Folding Seats, Interior Trunk Release, Remote Entry, Tachometer, Block Heater, Power Brakes, Heated mirrors, Child proof locks, Rear window defroster, Floor mats",91900,,0,4995,0,4.0,AUTOMATIC,,"Class C : 1 month or 1,700 km.",,0
http://img.sm360.ca/images/var/images/bdc-hackathon-2019/used_car.jpg,,,3620450,http://img.sm360.ca/images/var/images/bdc-hackathon-2019/used_car.jpg,,,DELETED,3,2006,1,0,0,0,3500.0,2013-04-23 21:40:47,2010-01-29 00:00:00,,,2011-03-20 00:00:00,0,4,All wheel drive,V6,0,,Unleaded,,Silver,Sport Utility,,,,,15,Black,Nissan,561,Murano,2324,SL,99,1,0,"AM/FM Radio, Cassette Player, CD Player, Power Windows, Power Doors, Power Steering, Air Conditioning, Cruise Control, Electric Mirrors, Tinted Windows, ABS Brakes, Alarm System, Alloy Wheels, Heated Seat, Fog Lights, Bucket Seats, Air Bags, Climate Control, Driver Airbag, Passenger Airbag, Side Airbags, Electric Seats, Rear-Folding Seats, Compact Disc Changer, Remote Entry, Tachometer, Block Heater, Onboard Computer, Dual Zone Climate Control, Power Brakes, Heated mirrors, Child proof locks, Steering wheel audio controls, Rear window defroster, MP3 player, Parking assistance",64000,,5,16995,0,0.0,,,"Class C : 1 month or 1,700 km.",,0
http://img.sm360.ca/images/var/images/bdc-hackathon-2019/used_car.jpg,,,3620473,http://img.sm360.ca/images/var/images/bdc-hackathon-2019/used_car.jpg,,,DELETED,3,2006,1,0,0,0,,2013-04-23 21:40:47,2010-01-29 00:00:00,,,2014-10-01 21:28:17,0,4,Front wheel drive,4,0,,Unleaded,,Silver,Passenger,,,Sedan,1.0,15,Grey,Saturn,781,Ion,2610,Uplevel,113,1,0,"AM/FM Radio, CD Player, Power Windows, Power Doors, Power Steering, Air Conditioning, Cruise Control, Sun Roof, Electric Mirrors, ABS Brakes, Alarm System, Spoiler, Alloy Wheels, Fog Lights, Bucket Seats, Air Bags, Driver Airbag, Passenger Airbag, Rear-Folding Seats, Interior Trunk Release, Tachometer, Power Brakes, Traction Control, Rear window defroster, MP3 player, Floor mats",125000,,0,4995,0,4.0,AUTOMATIC,,"Class C : 1 month or 1,700 km.",,0
http://img.sm360.ca/images/var/images/bdc-hackathon-2019/used_car.jpg,,,3621928,http://img.sm360.ca/images/var/images/bdc-hackathon-2019/used_car.jpg,,,DELETED,3,2006,1,0,0,0,,2013-04-23 21:40:47,2010-01-30 00:00:00,2005-01-09,,2014-10-01 21:28:17,0,4,Front wheel drive,4,0,,Unleaded,Normally aspirated,Red,Sport Utility,,V.U.S.,,,2,Black,Kia,597,Sportage,2401,,1,1,0,"Fully Equipped, AM/FM Radio, CD Player, Power Windows, Power Doors, Power Steering, Air Conditioning, Cruise Control, Electric Mirrors, Tinted Windows, ABS Brakes, Alarm System, Alloy Wheels, Fog Lights, Kill Switch, Tilt Steering, Bucket Seats, Driver Airbag, Passenger Airbag, Side Airbags, Rear-Folding Seats, Intermittent Wipers, Color Matched Bumpers, Remote Entry, Tachometer, Roof Rack, Split Rear Seats, Remote Starter, Traction Control, Heated mirrors, Child proof locks, Stability control, Rear window defroster, Floor mats",86542,,5,11000,0,4.0,AUTOMATIC,,Class D,2010/11/09,100000
http://img.sm360.ca/images/var/images/bdc-hackathon-2019/used_car.jpg,,,3622410,http://img.sm360.ca/images/var/images/bdc-hackathon-2019/used_car.jpg,,,DELETED,3,2008,1,0,0,0,2000.0,2013-04-23 21:40:47,2010-01-30 00:00:00,2008-01-08,,2011-03-20 00:00:00,0,4,Front wheel drive,4,0,,Unleaded,,Blue,Passenger,,,Sedan,1.0,10,Black,Mitsubishi,583,Lancer,2343,GTS,90,1,0,"AM/FM Radio, CD Player, Power Windows, Power Doors, Power Steering, Air Conditioning, Cruise Control, Electric Mirrors, ABS Brakes, Spoiler, Alloy Wheels, Heated Seat, Fog Lights, Kill Switch, Tilt Steering, Air Bags, Climate Control, Driver Airbag, Passenger Airbag, Side Airbags, Rear-Folding Seats, Clock, Intermittent Wipers, Interior Trunk Release, Interior Fuel Latch, Remote Entry, Tachometer, Onboard Computer, Split Rear Seats, Heated mirrors, Child proof locks, Steering wheel audio controls, Rear window defroster, MP3 player, Skirt Kit, Floor mats",59178,,5,15995,0,0.0,,,"Class B : 3 months or 5,000 km.",2018/03/08,160000
http://img.sm360.ca/images/var/images/bdc-hackathon-2019/used_car.jpg,,,3623906,http://img.sm360.ca/images/var/images/bdc-hackathon-2019/used_car.jpg,,,DELETED,3,2003,1,0,0,0,0.0,2013-04-23 21:40:47,2010-01-01 00:00:00,,,2014-10-01 21:28:17,0,2,Rear wheel drive,V6,0,,Unleaded,,Yellow,Passenger,,,Coupe,2.0,7,Grey,Ford,562,Mustang,2379,,1,1,0,"Fully Equipped, AM/FM Radio, CD Player, Power Windows, Power Doors, Power Steering, Air Conditioning, Cruise Control, Electric Mirrors, Alarm System, Spoiler, Alloy Wheels, Kill Switch, Tilt Steering, Bucket Seats, Driver Airbag, Passenger Airbag, Electric Seats, Adjustable Mirrors from Interior, Clock, Intermittent Wipers, Interior Trunk Release, Remote Entry, Power Brakes, Rear window defroster, Floor mats",74279,,4,8990,0,5.0,AUTOMATIC,,"Class C : 1 month or 1,700 km.",,0
http://img.sm360.ca/images/var/images/bdc-hackathon-2019/used_car.jpg,,,3628380,http://img.sm360.ca/images/var/images/bdc-hackathon-2019/used_car.jpg,,,DELETED,3,2008,1,0,0,0,0.0,2013-04-23 21:40:47,2010-10-04 00:00:00,2007-12-10,,2014-10-01 21:28:17,0,4,,4,0,,Unleaded,,Blue,Passenger,1.0,,Sedan,1.0,22,Grey,Hyundai,563,Elantra,2375,"GL  à  partir de 1,9%",2408,1,0,"Power Windows, Power Doors, Power Steering, Cruise Control, Electric Mirrors, Air Conditioning, Heated Front Seats, Floor Mats, Tilt Steering Wheel, AM/FM Radio, MP3 Player, Tachometer, Alarm System, Driver Airbag, Passenger Airbag, Bucket Seats",74884,,5,14490,0,4.0,AUTOMATIC,,"Class C : 1 month or 1,700 km.",2012/12/10,100000
http://img.sm360.ca/images/var/images/bdc-hackathon-2019/used_car.jpg,,,3628439,http://img.sm360.ca/images/var/images/bdc-hackathon-2019/used_car.jpg,,,DELETED,3,2006,1,0,0,0,3500.0,2013-04-23 21:40:47,2010-10-04 00:00:00,,,2014-10-01 21:28:17,0,2,Rear wheel drive,V6,0,,Premium unleaded,Normally aspirated,Silver,Passenger,,Berline 2 portes,Convertible,4.0,8,Cuir Argent,Mercedes-Benz,573,Classe CLK,4147,3.5L,80,1,0,"Fully Equipped, AM/FM Radio, CD Player, Power Windows, Power Doors, Power Steering, Air Conditioning, Cruise Control, Electric Mirrors, Leather Interior, ABS Brakes, Alarm System, Alloy Wheels, Heated Seat, Fog Lights, Kill Switch, Tilt Steering, Bucket Seats, Air Bags, Climate Control, Driver Airbag, Passenger Airbag, Side Airbags, Electric Seats, Clock, Intermittent Wipers, Interior Trunk Release, Color Matched Bumpers, Rear Heating, Electric Right Front Seat, Electric Left Front Seat, Compact Disc Changer, Remote Entry, Tachometer, Onboard Computer, Dual Zone Climate Control, Memory Seats, Power Brakes, Traction Control, Heated mirrors, Steering wheel audio controls, Stability control, Rainsensing wipers, Rear window defroster, In-dash CD changer, Skirt Kit, Floor mats",49000,,4,29995,0,7.0,AUTOMATIC,,"Class C : 1 month or 1,700 km.",,0
http://img.sm360.ca/images/var/images/bdc-hackathon-2019/used_car.jpg,,,3629176,http://img.sm360.ca/images/var/images/bdc-hackathon-2019/used_car.jpg,,,DELETED,3,2007,1,0,0,0,5500.0,2013-04-23 21:40:47,2010-10-05 00:00:00,2007-04-28,,2014-10-01 21:28:17,0,2,Rear wheel drive,8,0,,Premium unleaded,Supercharged,Black,Passenger,,2 Door,Convertible,4.0,8,Cuir Noir/Rouge,Mercedes-Benz,573,Classe SLK,4313,5.5L AMG,87,1,0,"Fully Equipped, AM/FM Radio, CD Player, Power Windows, Power Doors, Power Steering, Air Conditioning, Cruise Control, Electric Mirrors, Tinted Windows, Leather Interior, ABS Brakes, Alarm System, Spoiler, Alloy Wheels, Heated Seat, Fog Lights, Kill Switch, Tilt Steering, Bucket Seats, Climate Control, Driver Airbag, Passenger Airbag, Side Airbags, Electric Seats, Clock, Intermittent Wipers, Interior Trunk Release, Color Matched Bumpers, Electric Right Front Seat, Electric Left Front Seat, Compact Disc Changer, Remote Entry, Tachometer, Navigation Computer, Onboard Computer, Dual Zone Climate Control, Memory Seats, Power Brakes, Traction Control, Heated mirrors, Steering wheel audio controls, Stability control, Rainsensing wipers, Rear window defroster, Xenon headlights, Skirt Kit, Floor mats",67300,"Harmond Kardon System,Volant électrique,Auto leveling light,Commandes de la transmission au volant,Ensemble technologie,Roues 18 pouces,Phares à capteur solaire",2,48895,0,7.0,AUTOMATIC,,"Class C : 1 month or 1,700 km.",2011/04/24,80000
http://img.sm360.ca/images/var/images/bdc-hackathon-2019/used_car.jpg,,,3630444,http://img.sm360.ca/images/var/images/bdc-hackathon-2019/used_car.jpg,,,FOR_SALE,1,2009,1,0,0,0,,2013-04-23 21:40:47,2010-10-05 00:00:00,,,2015-02-05 14:56:07,0,4,Front wheel drive,4,0,,Unleaded,Normally aspirated,Blanc,Passenger,,,Sedan,1.0,25,Noir,Toyota,589,Yaris,2622,AERO,329,1,0,"CD Player, Power Doors, Power Steering, Air Conditioning, Cruise Control, ABS Brakes, Spoiler, Alloy Wheels, Fog Lights",37000,,0,306,0,5.0,MANUAL,,Class D,,0
http://img.sm360.ca/images/var/images/bdc-hackathon-2019/used_car.jpg,,,3631154,http://img.sm360.ca/images/var/images/bdc-hackathon-2019/used_car.jpg,,,DELETED,3,2008,1,0,0,0,,2013-04-23 21:40:47,2010-10-06 00:00:00,2008-02-22,,2014-10-01 21:28:17,0,4,All wheel drive,V6,0,,Unleaded,Normally aspirated,White,Passenger,,4 Door Sedan,Limousine,,8,Cuir Black Artico,Mercedes-Benz,573,Classe C 230,3978,2.5L,75,1,0,"Fully Equipped, AM/FM Radio, CD Player, Power Windows, Power Doors, Power Steering, Air Conditioning, Cruise Control, Sun Roof, Electric Mirrors, ABS Brakes, Alarm System, Alloy Wheels, Heated Seat, Fog Lights, Kill Switch, Tilt Steering, Bucket Seats, Climate Control, Driver Airbag, Passenger Airbag, Side Airbags, Electric Seats, Clock, Intermittent Wipers, Interior Trunk Release, Color Matched Bumpers, Rear Heating, Remote Entry, Tachometer, Onboard Computer, Dual Zone Climate Control, Power Brakes, Traction Control, Heated mirrors, Child proof locks, Steering wheel audio controls, Rainsensing wipers, Rear window defroster, MP3 player, Skirt Kit, Floor mats",51000,,5,28995,0,7.0,AUTOMATIC,,Class D,2012/02/22,80000
http://img.sm360.ca/images/var/images/bdc-hackathon-2019/used_car.jpg,,,3631310,http://img.sm360.ca/images/var/images/bdc-hackathon-2019/used_car.jpg,,,DELETED,3,2007,1,0,0,0,,2013-04-23 21:40:47,2010-01-06 00:00:00,,,2014-10-01 21:28:04,0,4,Front wheel drive,4,0,,Unleaded,,Silver,Passenger,,,Sedan,1.0,6,Black,Mazda,567,Mazda3,2313,,1,1,0,"Fully Equipped, AM/FM Radio, CD Player, Power Windows, Power Doors, Power Steering, Air Conditioning, Cruise Control, Electric Mirrors, ABS Brakes, Fog Lights, Kill Switch, Tilt Steering, Air Bags, Driver Airbag, Passenger Airbag, Side Airbags, Rear-Folding Seats, Adjustable Mirrors from Interior, Clock, Intermittent Wipers, Color Matched Bumpers, Protective Side Moulding, Remote Entry, Split Rear Seats, Power Brakes, Heated mirrors, Child proof locks, Steering wheel audio controls, Rainsensing wipers, Rear window defroster, Skirt Kit",66590,"""Mags 17""""""",5,9995,0,5.0,MANUAL,,"Class C : 1 month or 1,700 km.",,0
http://img.sm360.ca/images/var/images/bdc-hackathon-2019/used_car.jpg,,,3633168,http://img.sm360.ca/images/var/images/bdc-hackathon-2019/used_car.jpg,,,DELETED,3,2007,1,0,0,0,,2013-04-23 21:40:47,2010-01-07 00:00:00,2007-01-30,,2014-10-01 21:28:17,0,4,Front wheel drive,4,0,,Unleaded,,Grey,Passenger,,,Sedan,1.0,5,Black,Mazda,567,Mazda3,2313,GX,63,1,0,"AM/FM Radio, CD Player, Power Steering, Air Conditioning, Tilt Steering, Air Bags, Driver Airbag, Passenger Airbag, Rear-Folding Seats, Adjustable Mirrors from Interior, Clock, Intermittent Wipers, Interior Trunk Release, Interior Fuel Latch, Color Matched Bumpers, Tachometer, Roof Rack, Power Brakes, Child proof locks, Rear window defroster, MP3 player, Xenon headlights, Floor mats",70330,,5,7495,0,0.0,AUTOMATIC,,Class D,2012/03/30,160000
http://img.sm360.ca/images/var/images/bdc-hackathon-2019/used_car.jpg,,,3634351,http://img.sm360.ca/images/var/images/bdc-hackathon-2019/used_car.jpg,,,DELETED,3,2007,1,0,0,0,,2013-04-23 21:40:47,2010-10-08 00:00:00,,,2014-10-01 21:28:17,0,5,4X4,4,0,,Unleaded,,Blue,Sport Utility,,UTILITAIRE,,,7,Grey,Honda,564,CR-V,2318,EX,31,1,0,"Fully Equipped, AM/FM Radio, CD Player, Power Windows, Power Doors, Power Steering, Air Conditioning, Cruise Control, Sun Roof, Electric Mirrors, ABS Brakes, Alarm System, Alloy Wheels, Kill Switch, Tilt Steering, Bucket Seats, Air Bags, Driver Airbag, Passenger Airbag, Side Airbags, Hood Protector, Adjustable Mirrors from Interior, Clock, Intermittent Wipers, Compact Disc Changer, Remote Entry, Rear Wiper, Tachometer, Power Brakes, Traction Control, Tow Hitch, Heated mirrors, Child proof locks, Steering wheel audio controls, Moonroof, Rear window defroster, MP3 player, Floor mats",143360,,5,14990,0,0.0,AUTOMATIC,,"Class C : 1 month or 1,700 km.",,0
http://img.sm360.ca/images/var/images/bdc-hackathon-2019/used_car.jpg,,,3634391,http://img.sm360.ca/images/var/images/bdc-hackathon-2019/used_car.jpg,,,DELETED,3,2007,1,0,0,0,0.0,2013-04-23 21:40:47,2010-01-08 00:00:00,2007-01-17,,2014-10-01 21:28:17,0,3,Front wheel drive,4,0,,Unleaded,Normally aspirated,Orange,Passenger,,3 portes,Coupe,2.0,10,Black,Mitsubishi,583,Eclipse,2345,GS,26,1,0,"Fully Equipped, AM/FM Radio, CD Player, Power Windows, Power Doors, Power Steering, Air Conditioning, Cruise Control, Electric Mirrors, ABS Brakes, Spoiler, Alloy Wheels, Heated Seat, Kill Switch, Tilt Steering, Air Bags, Driver Airbag, Passenger Airbag, Side Airbags, Rear-Folding Seats, Clock, Intermittent Wipers, Interior Trunk Release, Remote Entry, Rear Wiper, Tachometer, Onboard Computer, Split Rear Seats, Power Brakes, Traction Control, Heated mirrors, MP3 player, Floor mats",39591,,4,14995,0,4.0,AUTOMATIC,,"Class C : 1 month or 1,700 km.",2017/05/17,160000
http://img.sm360.ca/images/var/images/bdc-hackathon-2019/used_car.jpg,,,3634546,http://img.sm360.ca/images/var/images/bdc-hackathon-2019/used_car.jpg,,,DELETED,3,2007,1,0,0,0,,2013-04-23 21:40:47,2010-01-08 00:00:00,2007-01-31,,2014-10-01 21:28:17,0,4,4X4,8,0,,Unleaded,,GRIS CHARCOAL,Passenger,,,Station wagon,5.0,5,GRIS FONCÉ,GMC,579,Sierra 1500,2854,SLE Z71,62,1,0,"Fully Equipped, AM/FM Radio, CD Player, Power Windows, Power Doors, Power Steering, Air Conditioning, Cruise Control, Electric Mirrors, Tinted Windows, ABS Brakes, Alloy Wheels, Fog Lights, Tilt Steering, Extended Cab, Air Bags, Driver Airbag, Passenger Airbag, Clock, Intermittent Wipers, Interior Fuel Latch, Electric Left Front Seat, Remote Entry, Tachometer, Running Boards, Onboard Computer, Power Brakes, Traction Control, Tow Hitch, MP3 player, Xenon headlights, Floor mats",56792,,6,17995,0,0.0,AUTOMATIC,,Class D,2012/08/31,160000
http://img.sm360.ca/images/var/images/bdc-hackathon-2019/used_car.jpg,,,3636760,http://img.sm360.ca/images/var/images/bdc-hackathon-2019/used_car.jpg,,,DELETED,3,2006,1,0,0,0,,2013-04-23 21:40:47,2010-10-12 00:00:00,,,2014-10-01 21:28:17,1,4,Front wheel drive,V6,0,,Unleaded,,Grey,Passenger,,4 Door Sedan,Sedan,1.0,7,Black,Nissan,561,Maxima,2404,3.5 SL,72,1,0,"Fully Equipped, AM/FM Radio, Cassette Player, CD Player, Power Windows, Power Doors, Power Steering, Air Conditioning, Cruise Control, Sun Roof, Electric Mirrors, Leather Interior, ABS Brakes, Alarm System, Alloy Wheels, Heated Seat, Fog Lights, Kill Switch, Tilt Steering, Bucket Seats, Air Bags, Climate Control, Driver Airbag, Passenger Airbag, Side Airbags, Electric Seats, Adjustable Mirrors from Interior, Clock, Intermittent Wipers, Interior Trunk Release, Interior Fuel Latch, Color Matched Bumpers, Electric Right Front Seat, Electric Left Front Seat, Compact Disc Changer, Remote Entry, Tachometer, Onboard Computer, Memory Seats, Power Brakes, Traction Control, Heated mirrors, Child proof locks, Steering wheel audio controls, Moonroof, Rear window defroster, Xenon headlights, Floor mats",126947,,5,11995,0,0.0,AUTOMATIC,,"Class C : 1 month or 1,700 km.",,0
http://img.sm360.ca/images/var/images/bdc-hackathon-2019/used_car.jpg,,,3636773,http://img.sm360.ca/images/var/images/bdc-hackathon-2019/used_car.jpg,,,DELETED,3,2007,1,0,0,0,,2013-04-23 21:40:47,2010-01-12 00:00:00,,2011-01-28,2014-10-01 21:28:17,0,4,Front wheel drive,4,0,,Unleaded,,BEIGE,Passenger,,,Sedan,1.0,11,BEIGE,Nissan,561,Altima,2307,,1,1,0,"Fully Equipped, AM/FM Radio, CD Player, Power Windows, Power Doors, Power Steering, Air Conditioning, Cruise Control, ABS Brakes, Tilt Steering, Air Bags, Wheel Covers, Adjustable Mirrors from Interior, Clock, Intermittent Wipers, Interior Fuel Latch, Remote Entry, Tachometer, Block Heater, Remote Starter, Power Brakes, Heated mirrors, Child proof locks",68000,,5,11995,0,0.0,AUTOMATIC,,,,0
http://img.sm360.ca/images/var/images/bdc-hackathon-2019/used_car.jpg,,,3636862,http://img.sm360.ca/images/var/images/bdc-hackathon-2019/used_car.jpg,,,DELETED,3,2006,1,0,0,0,,2013-04-23 21:40:47,2010-01-12 00:00:00,,2011-01-06,2014-10-01 21:28:17,0,4,Front wheel drive,4,0,,Unleaded,,Silver,Passenger,,,Sedan,1.0,11,Black,Nissan,561,X-Trail,2601,,1,1,0,"Fully Equipped, AM/FM Radio, CD Player, Power Windows, Power Doors, Power Steering, Air Conditioning, Cruise Control, ABS Brakes, Tilt Steering, Air Bags, Wheel Covers, Clock, Intermittent Wipers, Remote Entry, Tachometer, Block Heater, Power Brakes, Heated mirrors, Child proof locks",128077,,5,8995,0,0.0,AUTOMATIC,,Class D,,0
http://img.sm360.ca/images/var/images/bdc-hackathon-2019/used_car.jpg,,,3638102,http://img.sm360.ca/images/var/images/bdc-hackathon-2019/used_car.jpg,,,DELETED,3,2007,1,0,0,0,,2013-04-23 21:40:47,2010-10-12 00:00:00,2007-01-04,2011-03-18,2014-10-01 21:28:17,0,4,Front wheel drive,4,0,,Unleaded,,Taupe,Passenger,,,Sedan,1.0,22,Grey,Honda,564,Civic,2311,GARANTIE 10 ANS,239,1,0,"AM/FM Radio, CD Player, Power Windows, Power Doors, Power Steering, Air Conditioning, Electric Mirrors, Tilt Steering, Wheel Covers, Rear-Folding Seats, Clock, Intermittent Wipers, Remote Entry, Tachometer, Block Heater, Power Brakes, Child proof locks, Floor mats",68000,2 CLÉS,5,12485,0,0.0,AUTOMATIC,,"Class C : 1 month or 1,700 km.",2007/01/04,100000
http://img.sm360.ca/images/var/images/bdc-hackathon-2019/used_car.jpg,,,3639813,http://img.sm360.ca/images/var/images/bdc-hackathon-2019/used_car.jpg,,,DELETED,3,2007,1,0,0,0,,2013-04-23 21:40:47,2010-01-13 00:00:00,,,2014-10-01 21:28:17,0,4,Front wheel drive,4,0,,Unleaded,,BLEU ÉLECTRIQUE,Passenger,,,Sedan,1.0,6,Black,Mazda,567,Mazda3,2313,,1,1,0,"AM/FM Radio, CD Player, Power Windows, Power Doors, Power Steering, Air Conditioning, Electric Mirrors, ABS Brakes, Spoiler, Kill Switch, Tilt Steering, Air Bags, Driver Airbag, Passenger Airbag, Side Airbags, Rear-Folding Seats, Adjustable Mirrors from Interior, Clock, Intermittent Wipers, Color Matched Bumpers, Split Rear Seats, Power Brakes, Child proof locks, Steering wheel audio controls, Rear window defroster",50167,,5,9495,0,4.0,AUTOMATIC,,"Class C : 1 month or 1,700 km.",,0
