bonus,cashdown,creation_date,description,distance_allowed,distance_period,end_date,financing_duration,frequency,img_url,interest_rate,last_modified_date,make,make_id,model,model_id,payment,promotion_id,rebate,start_date,title,trim,trim_id,type,year
,,,"<p>Enjoy this month's promotion and get the 2016 Acura ILX <span class=""highlight""></span> with $0.00 down!</p><p>Wait no longer and book your test drive online now!</span></p>",,,2016-05-31,,,http://img.sm360.ca/images/var/images/bdc-hackathon-2019/promo.jpg,,2016-10-03 11:10:29,Acura,45,ILX,807,,4,,2013-06-05,Get The 2016 Acura ILX!,,,,2016.0
,,,"<p>Enjoy this month's promotion and get the 2013 Nissan Altima <span class=""highlight""></span> with $0.00 down!</p><p>Wait no longer and book your test drive online now!</span></p>",,,2013-03-15,,,http://img.sm360.ca/images/var/images/bdc-hackathon-2019/promo.jpg,,2016-10-03 11:10:36,Nissan,2,Altima,35,,68,,2012-12-19,Get The 2013 Nissan Altima!,,,,2013.0
,,,"<p>Enjoy this month's promotion and get the 2013 Honda Civic Berline <span class=""highlight""></span> with $0.00 down!</p><p>Wait no longer and book your test drive online now!</span></p>",,,2015-03-27,,,http://img.sm360.ca/images/var/images/bdc-hackathon-2019/promo.jpg,,2016-10-03 11:10:38,Honda,15,Civic Berline,471,,94,,2012-12-24,Get The 2013 Honda Civic Berline!,,,,2013.0
,,,"<p>Enjoy this month's promotion and get the 2013 Chevrolet Sonic Berline <span class=""highlight""></span> with $0.00 down!</p><p>Wait no longer and book your test drive online now!</span></p>",,,2013-02-28,,,http://img.sm360.ca/images/var/images/bdc-hackathon-2019/promo.jpg,,2016-10-03 11:10:42,Chevrolet,41,Sonic Berline,748,,116,,2013-01-14,Get The 2013 Chevrolet Sonic Berline!,LS,1927.0,,2013.0
,,,"<p>Enjoy this month's promotion and get the 2013 Chevrolet Sonic Berline <span class=""highlight""></span> with $0.00 down!</p><p>Wait no longer and book your test drive online now!</span></p>",,,2013-02-15,,,http://img.sm360.ca/images/var/images/bdc-hackathon-2019/promo.jpg,,2016-10-03 11:10:42,Chevrolet,41,Sonic Berline,748,,118,,2013-01-14,Get The 2013 Chevrolet Sonic Berline!,LS,1927.0,,2013.0
,,,<p>Chevrolet Canada is pleased to announce an offer unlike any other. This offer is designed for customers just like you. Enjoy this offer today by booking your visit with one of our specialists.</p>,,,2013-02-28,,,http://img.sm360.ca/images/var/images/bdc-hackathon-2019/promo.jpg,,2016-10-03 11:10:42,Chevrolet,41,Cruze,750,,119,,2013-01-14,The 2013 Chevrolet Cruze Is Here,LS,1900.0,,2013.0
,,,"<p>Enjoy this month's promotion and get the 2013 Acura ILX <span class=""highlight""></span> with $0.00 down!</p><p>Wait no longer and book your test drive online now!</span></p>",,,2013-01-31,,,http://img.sm360.ca/images/var/images/bdc-hackathon-2019/promo.jpg,,2016-10-03 11:10:42,Acura,45,ILX,807,,122,,2013-01-15,Get The 2013 Acura ILX!,,,,2013.0
,,,"<p>Enjoy this month's promotion and get the 2014 Hyundai Tucson <span class=""highlight""></span> with $0.00 down!</p><p>Wait no longer and book your test drive online now!</span></p>",,,2014-09-30,,,http://img.sm360.ca/images/var/images/bdc-hackathon-2019/promo.jpg,,2016-10-03 11:10:44,Hyundai,9,Tucson,577,,134,,2013-01-18,Get The 2014 Hyundai Tucson!,GL,2840.0,,2014.0
,,,"<p>Enjoy this month's promotion and get the 2013 Honda Accord Berline <span class=""highlight""></span> with $0.00 down!</p><p>Wait no longer and book your test drive online now!</span></p>",,,2099-01-31,,,http://img.sm360.ca/images/var/images/bdc-hackathon-2019/promo.jpg,,2016-10-03 11:10:45,Honda,15,Accord Berline,557,,152,,2013-01-31,Get The 2013 Honda Accord Berline!,,,,2013.0
,,,<p>Honda Canada is pleased to announce an offer unlike any other. This offer is designed for customers just like you. Enjoy this offer today by booking your visit with one of our specialists.</p>,,,2099-01-31,,,http://img.sm360.ca/images/var/images/bdc-hackathon-2019/promo.jpg,,2016-10-03 11:10:45,Honda,15,Civic Berline,471,,153,,2013-01-31,The 2013 Honda Civic Berline Is Here,,,,2013.0
,,,"<p>Enjoy this month's promotion and get the 2014 Honda CR-V <span class=""highlight""></span> with $0.00 down!</p><p>Wait no longer and book your test drive online now!</span></p>",,,2099-01-31,,,http://img.sm360.ca/images/var/images/bdc-hackathon-2019/promo.jpg,,2016-10-03 11:10:45,Honda,15,CR-V,560,,154,,2013-01-31,Get The 2014 Honda CR-V!,,,,2014.0
,,,"<p>Enjoy this month's promotion and get the 2013 Honda CR-V <span class=""highlight""></span> with $0.00 down!</p><p>Wait no longer and book your test drive online now!</span></p>",,,2013-03-15,,,http://img.sm360.ca/images/var/images/bdc-hackathon-2019/promo.jpg,,2016-10-03 11:10:46,Honda,15,CR-V,560,,156,,2013-01-31,Get The 2013 Honda CR-V!,LX,1846.0,,2013.0
,,,<p>Honda Canada is pleased to announce an offer unlike any other. This offer is designed for customers just like you. Enjoy this offer today by booking your visit with one of our specialists.</p>,,,2013-03-15,,,http://img.sm360.ca/images/var/images/bdc-hackathon-2019/promo.jpg,,2016-10-03 11:10:46,Honda,15,Civic Berline,471,,157,,2013-01-31,The 2013 Honda Civic Berline Is Here,LX,2057.0,,2013.0
,,,<p>Hyundai Canada is pleased to announce an offer unlike any other. This offer is designed for customers just like you. Enjoy this offer today by booking your visit with one of our specialists.</p>,,,2014-09-26,,,http://img.sm360.ca/images/var/images/bdc-hackathon-2019/promo.jpg,,2016-10-03 11:10:47,Hyundai,9,Elantra GT,790,,165,,2013-09-22,The 2013 Hyundai Elantra GT Is Here,,,,2013.0
,,,"<p>Enjoy this month's promotion and get the INFINITI G Berline <span class=""highlight""></span> with $0.00 down!</p><p>Wait no longer and book your test drive online now!</span></p>",,,2013-04-30,,,http://img.sm360.ca/images/var/images/bdc-hackathon-2019/promo.jpg,,2016-10-03 11:10:47,INFINITI,5,G Berline,226,,166,,2013-02-05,Get The INFINITI G Berline!,G37x AWD Sedan,764.0,,
,,,<p>Hyundai Canada is pleased to announce an offer unlike any other. This offer is designed for customers just like you. Enjoy this offer today by booking your visit with one of our specialists.</p>,,,2016-02-01,,,http://img.sm360.ca/images/var/images/bdc-hackathon-2019/promo.jpg,,2016-10-03 11:10:47,Hyundai,9,Elantra,920,,167,,2015-03-03,The 2016 Hyundai Elantra Is Here,HYBRID,4827.0,,2016.0
,,,"<p>Enjoy this month's promotion and get the 2013 Hyundai Tucson <span class=""highlight""></span> with $0.00 down!</p><p>Wait no longer and book your test drive online now!</span></p>",,,2013-07-31,,,http://img.sm360.ca/images/var/images/bdc-hackathon-2019/promo.jpg,,2016-10-03 11:10:47,Hyundai,9,Tucson,577,,168,,2013-06-04,Get The 2013 Hyundai Tucson!,L,1640.0,,2013.0
,,,<p>INFINITI Canada is pleased to announce an offer unlike any other. This offer is designed for customers just like you. Enjoy this offer today by booking your visit with one of our specialists.</p>,,,2013-04-30,,,http://img.sm360.ca/images/var/images/bdc-hackathon-2019/promo.jpg,,2016-10-03 11:10:47,INFINITI,5,G Berline,226,,169,,2013-02-05,The INFINITI G Berline Is Here,G37x AWD Sedan,764.0,,
,,,"<p>Enjoy this month's promotion and get the 2013 INFINITI FX <span class=""highlight""></span> with $0.00 down!</p><p>Wait no longer and book your test drive online now!</span></p>",,,2013-04-30,,,http://img.sm360.ca/images/var/images/bdc-hackathon-2019/promo.jpg,,2016-10-03 11:10:47,INFINITI,5,FX,712,,172,,2013-02-05,Get The 2013 INFINITI FX!,37,2237.0,,2013.0
,,,<p>Hyundai Canada is pleased to announce an offer unlike any other. This offer is designed for customers just like you. Enjoy this offer today by booking your visit with one of our specialists.</p>,,,2015-10-10,,,http://img.sm360.ca/images/var/images/bdc-hackathon-2019/promo.jpg,,2016-10-03 11:10:47,Hyundai,9,Tucson,577,,173,,2015-03-03,The 2016 Hyundai Tucson Is Here,,,,2016.0
,,,"<p>Enjoy this month's promotion and get the 2015 Hyundai Genesis Coupe <span class=""highlight""></span> with $0.00 down!</p><p>Wait no longer and book your test drive online now!</span></p>",,,2015-01-02,,,http://img.sm360.ca/images/var/images/bdc-hackathon-2019/promo.jpg,,2016-10-03 11:10:47,Hyundai,9,Genesis Coupe,576,,174,,2013-09-04,Get The 2015 Hyundai Genesis Coupe!,,,,2015.0
,,,<p>Hyundai Canada is pleased to announce an offer unlike any other. This offer is designed for customers just like you. Enjoy this offer today by booking your visit with one of our specialists.</p>,,,2014-01-02,,,http://img.sm360.ca/images/var/images/bdc-hackathon-2019/promo.jpg,,2016-10-03 11:10:48,Hyundai,9,Elantra Coupe,791,,175,,2013-10-01,The 2013 Hyundai Elantra Coupe Is Here,GLS,1628.0,,2013.0
,,,"<p>Enjoy this month's promotion and get the 2013 Hyundai Sonata <span class=""highlight""></span> with $0.00 down!</p><p>Wait no longer and book your test drive online now!</span></p>",,,2014-02-28,,,http://img.sm360.ca/images/var/images/bdc-hackathon-2019/promo.jpg,,2016-10-03 11:10:48,Hyundai,9,Sonata,572,,178,,2013-10-01,Get The 2013 Hyundai Sonata!,,,,2013.0
,,,<p>Chevrolet Canada is pleased to announce an offer unlike any other. This offer is designed for customers just like you. Enjoy this offer today by booking your visit with one of our specialists.</p>,,,,,,http://img.sm360.ca/images/var/images/bdc-hackathon-2019/promo.jpg,,2016-10-03 11:10:48,Chevrolet,41,Cruze,750,,181,,2013-04-23,The 2013 Chevrolet Cruze Is Here,,,,2013.0
,,,"<p>Enjoy this month's promotion and get the 2013 Cadillac ATS <span class=""highlight""></span> with $0.00 down!</p><p>Wait no longer and book your test drive online now!</span></p>",,,,,,http://img.sm360.ca/images/var/images/bdc-hackathon-2019/promo.jpg,,2016-10-03 11:10:48,Cadillac,43,ATS,824,,182,,2013-04-23,Get The 2013 Cadillac ATS!,,,,2013.0
,,,<p>Buick Canada is pleased to announce an offer unlike any other. This offer is designed for customers just like you. Enjoy this offer today by booking your visit with one of our specialists.</p>,,,,,,http://img.sm360.ca/images/var/images/bdc-hackathon-2019/promo.jpg,,2016-10-03 11:10:48,Buick,42,Regal,774,,183,,2013-04-23,The 2013 Buick Regal Is Here,,,,2013.0
,,,"<p>Enjoy this month's promotion and get the 2013 GMC Sierra 1500 <span class=""highlight""></span> with $0.00 down!</p><p>Wait no longer and book your test drive online now!</span></p>",,,,,,http://img.sm360.ca/images/var/images/bdc-hackathon-2019/promo.jpg,,2016-10-03 11:10:48,GMC,44,Sierra 1500,815,,184,,2013-04-23,Get The 2013 GMC Sierra 1500!,,,,2013.0
,,,<p>Chevrolet Canada is pleased to announce an offer unlike any other. This offer is designed for customers just like you. Enjoy this offer today by booking your visit with one of our specialists.</p>,,,2015-02-11,,,http://img.sm360.ca/images/var/images/bdc-hackathon-2019/promo.jpg,,2016-10-03 11:10:49,Chevrolet,41,Cruze,750,,185,,2013-02-08,The 2013 Chevrolet Cruze Is Here,,,,2013.0
,,,"<p>Enjoy this month's promotion and get the 2013 Cadillac ATS <span class=""highlight""></span> with $0.00 down!</p><p>Wait no longer and book your test drive online now!</span></p>",,,2014-02-08,,,http://img.sm360.ca/images/var/images/bdc-hackathon-2019/promo.jpg,,2016-10-03 11:10:49,Cadillac,43,ATS,824,,186,,2013-02-08,Get The 2013 Cadillac ATS!,,,,2013.0
,,,<p>Buick Canada is pleased to announce an offer unlike any other. This offer is designed for customers just like you. Enjoy this offer today by booking your visit with one of our specialists.</p>,,,,,,http://img.sm360.ca/images/var/images/bdc-hackathon-2019/promo.jpg,,2016-10-03 11:10:49,Buick,42,Regal,774,,187,,2013-02-08,The 2013 Buick Regal Is Here,,,,2013.0
,,,"<p>Enjoy this month's promotion and get the 2013 GMC Sierra 1500 <span class=""highlight""></span> with $0.00 down!</p><p>Wait no longer and book your test drive online now!</span></p>",,,,,,http://img.sm360.ca/images/var/images/bdc-hackathon-2019/promo.jpg,,2016-10-03 11:10:49,GMC,44,Sierra 1500,815,,188,,2013-02-08,Get The 2013 GMC Sierra 1500!,,,,2013.0
,,,"<p>Enjoy this month's promotion and get the 2013 Chevrolet Sonic Berline <span class=""highlight""></span> with $0.00 down!</p><p>Wait no longer and book your test drive online now!</span></p>",,,2013-03-11,,,http://img.sm360.ca/images/var/images/bdc-hackathon-2019/promo.jpg,,2016-10-03 11:10:50,Chevrolet,41,Sonic Berline,748,,196,,2013-02-11,Get The 2013 Chevrolet Sonic Berline!,,,,2013.0
,,,<p>Chevrolet Canada is pleased to announce an offer unlike any other. This offer is designed for customers just like you. Enjoy this offer today by booking your visit with one of our specialists.</p>,,,2013-05-06,,,http://img.sm360.ca/images/var/images/bdc-hackathon-2019/promo.jpg,,2016-10-03 11:10:50,Chevrolet,41,Equinox,757,,197,,2013-04-23,The 2013 Chevrolet Equinox Is Here,,,,2013.0
,,,"<p>Enjoy this month's promotion and get the 2013 GMC Terrain <span class=""highlight""></span> with $0.00 down!</p><p>Wait no longer and book your test drive online now!</span></p>",,,2013-05-06,,,http://img.sm360.ca/images/var/images/bdc-hackathon-2019/promo.jpg,,2016-10-03 11:10:50,GMC,44,Terrain,781,,198,,2013-04-23,Get The 2013 GMC Terrain!,,,,2013.0
,,,<p>GMC Canada is pleased to announce an offer unlike any other. This offer is designed for customers just like you. Enjoy this offer today by booking your visit with one of our specialists.</p>,,,2013-05-06,,,http://img.sm360.ca/images/var/images/bdc-hackathon-2019/promo.jpg,,2016-10-03 11:10:50,GMC,44,Sierra 1500,815,,199,,2013-04-23,The 2013 GMC Sierra 1500 Is Here,,,,2013.0
,,,"<p>Enjoy this month's promotion and get the 2013 Buick Verano <span class=""highlight""></span> with $0.00 down!</p><p>Wait no longer and book your test drive online now!</span></p>",,,2013-03-13,,,http://img.sm360.ca/images/var/images/bdc-hackathon-2019/promo.jpg,,2016-10-03 11:10:50,Buick,42,Verano,766,,200,,2013-02-11,Get The 2013 Buick Verano!,,,,2013.0
,,,<p>Buick Canada is pleased to announce an offer unlike any other. This offer is designed for customers just like you. Enjoy this offer today by booking your visit with one of our specialists.</p>,,,2013-03-14,,,http://img.sm360.ca/images/var/images/bdc-hackathon-2019/promo.jpg,,2016-10-03 11:10:50,Buick,42,LaCrosse,773,,201,,2013-02-11,The 2013 Buick LaCrosse Is Here,,,,2013.0
,,,"<p>Enjoy this month's promotion and get the 2013 Cadillac ATS <span class=""highlight""></span> with $0.00 down!</p><p>Wait no longer and book your test drive online now!</span></p>",,,2013-03-13,,,http://img.sm360.ca/images/var/images/bdc-hackathon-2019/promo.jpg,,2016-10-03 11:10:50,Cadillac,43,ATS,824,,202,,2013-02-11,Get The 2013 Cadillac ATS!,,,,2013.0
,,,<p>Cadillac Canada is pleased to announce an offer unlike any other. This offer is designed for customers just like you. Enjoy this offer today by booking your visit with one of our specialists.</p>,,,2013-03-14,,,http://img.sm360.ca/images/var/images/bdc-hackathon-2019/promo.jpg,,2016-10-03 11:10:50,Cadillac,43,SRX,769,,203,,2013-02-11,The 2013 Cadillac SRX Is Here,,,,2013.0
,,,<p>Chevrolet Canada is pleased to announce an offer unlike any other. This offer is designed for customers just like you. Enjoy this offer today by booking your visit with one of our specialists.</p>,,,2013-05-06,,,http://img.sm360.ca/images/var/images/bdc-hackathon-2019/promo.jpg,,2016-10-03 11:10:51,Chevrolet,41,Spark,765,,207,,2013-02-13,The 2013 Chevrolet Spark Is Here,,,,2013.0
,,,"<p>Enjoy this month's promotion and get the 2013 Chevrolet Cruze <span class=""highlight""></span> with $0.00 down!</p><p>Wait no longer and book your test drive online now!</span></p>",,,2013-05-06,,,http://img.sm360.ca/images/var/images/bdc-hackathon-2019/promo.jpg,,2016-10-03 11:10:51,Chevrolet,41,Cruze,750,,208,,2013-04-23,Get The 2013 Chevrolet Cruze!,,,,2013.0
,,,<p>Chevrolet Canada is pleased to announce an offer unlike any other. This offer is designed for customers just like you. Enjoy this offer today by booking your visit with one of our specialists.</p>,,,2013-05-06,,,http://img.sm360.ca/images/var/images/bdc-hackathon-2019/promo.jpg,,2016-10-03 11:10:51,Chevrolet,41,Malibu,759,,209,,2013-02-13,The 2013 Chevrolet Malibu Is Here,,,,2013.0
,,,"<p>Enjoy this month's promotion and get the 2013 Chevrolet Orlando <span class=""highlight""></span> with $0.00 down!</p><p>Wait no longer and book your test drive online now!</span></p>",,,2013-05-06,,,http://img.sm360.ca/images/var/images/bdc-hackathon-2019/promo.jpg,,2016-10-03 11:10:51,Chevrolet,41,Orlando,760,,210,,2013-02-13,Get The 2013 Chevrolet Orlando!,,,,2013.0
,,,<p>Chevrolet Canada is pleased to announce an offer unlike any other. This offer is designed for customers just like you. Enjoy this offer today by booking your visit with one of our specialists.</p>,,,2013-05-06,,,http://img.sm360.ca/images/var/images/bdc-hackathon-2019/promo.jpg,,2016-10-03 11:10:51,Chevrolet,41,Avalanche,751,,211,,2013-02-13,The 2013 Chevrolet Avalanche Is Here,,,,2013.0
,,,"<p>Enjoy this month's promotion and get the 2013 Chevrolet Silverado 2500HD <span class=""highlight""></span> with $0.00 down!</p><p>Wait no longer and book your test drive online now!</span></p>",,,2013-05-06,,,http://img.sm360.ca/images/var/images/bdc-hackathon-2019/promo.jpg,,2016-10-03 11:10:51,Chevrolet,41,Silverado 2500HD,813,,212,,2013-04-23,Get The 2013 Chevrolet Silverado 2500HD!,,,,2013.0
,,,<p>Buick Canada is pleased to announce an offer unlike any other. This offer is designed for customers just like you. Enjoy this offer today by booking your visit with one of our specialists.</p>,,,2013-03-14,,,http://img.sm360.ca/images/var/images/bdc-hackathon-2019/promo.jpg,,2016-10-03 11:10:51,Buick,42,Regal,774,,213,,2013-02-13,The 2013 Buick Regal Is Here,,,,2013.0
,,,"<p>Enjoy this month's promotion and get the 2013 Cadillac CTS Berline <span class=""highlight""></span> with $0.00 down!</p><p>Wait no longer and book your test drive online now!</span></p>",,,2013-03-13,,,http://img.sm360.ca/images/var/images/bdc-hackathon-2019/promo.jpg,,2016-10-03 11:10:51,Cadillac,43,CTS Berline,826,,214,,2013-02-13,Get The 2013 Cadillac CTS Berline!,,,,2013.0
,,,<p>Cadillac Canada is pleased to announce an offer unlike any other. This offer is designed for customers just like you. Enjoy this offer today by booking your visit with one of our specialists.</p>,,,2013-03-14,,,http://img.sm360.ca/images/var/images/bdc-hackathon-2019/promo.jpg,,2016-10-03 11:10:52,Cadillac,43,CTS Coupe,825,,215,,2013-02-13,The 2013 Cadillac CTS Coupe Is Here,,,,2013.0
,,,"<p>Enjoy this month's promotion and get the 2013 Cadillac XTS <span class=""highlight""></span> with $0.00 down!</p><p>Wait no longer and book your test drive online now!</span></p>",,,2013-03-13,,,http://img.sm360.ca/images/var/images/bdc-hackathon-2019/promo.jpg,,2016-10-03 11:10:52,Cadillac,43,XTS,830,,216,,2013-02-13,Get The 2013 Cadillac XTS!,,,,2013.0
,,,<p>Cadillac Canada is pleased to announce an offer unlike any other. This offer is designed for customers just like you. Enjoy this offer today by booking your visit with one of our specialists.</p>,,,2013-03-13,,,http://img.sm360.ca/images/var/images/bdc-hackathon-2019/promo.jpg,,2016-10-03 11:10:52,Cadillac,43,Escalade,768,,217,,2013-02-13,The 2013 Cadillac Escalade Is Here,,,,2013.0
,,,"<p>Enjoy this month's promotion and get the Nissan Rogue <span class=""highlight""></span> with $0.00 down!</p><p>Wait no longer and book your test drive online now!</span></p>",,,2013-03-15,,,https://img.sm360.ca/images/var/images/bdc-hackathon-2019/promo/66981//2018-10-nissan-at-promo-rogue-en1538429208527.jpg,,2016-10-03 11:10:56,Nissan,2,Rogue,18,,258,,2013-02-22,Get The Nissan Rogue!,,,,
,,,<p>Nissan Canada is pleased to announce an offer unlike any other. This offer is designed for customers just like you. Enjoy this offer today by booking your visit with one of our specialists.</p>,,,2013-03-15,,,https://img.sm360.ca/images/var/images/bdc-hackathon-2019/promo/66586//2018-09-nissan-sentra-en1537290043652.png,,2016-10-03 11:10:56,Nissan,2,Sentra,34,,259,,2013-02-22,The Nissan Sentra Is Here,,,,
,,,"<p>Enjoy this month's promotion and get the Nissan Altima <span class=""highlight""></span> with $0.00 down!</p><p>Wait no longer and book your test drive online now!</span></p>",,,2013-03-15,,,https://img.sm360.ca/images/var/images/bdc-hackathon-2019/promo/67530//2018-10-nissan-at-promo-altima-en1538775556728.jpg,,2016-10-03 11:10:56,Nissan,2,Altima,35,,260,,2013-02-22,Get The Nissan Altima!,,,,
,,,"<p>Enjoy this month's promotion and get the 2013 Chevrolet Volt <span class=""highlight""></span> with $0.00 down!</p><p>Wait no longer and book your test drive online now!</span></p>",,,2014-02-25,,,http://img.sm360.ca/images/var/images/bdc-hackathon-2019/promo.jpg,,2016-10-03 11:10:57,Chevrolet,41,Volt,783,,266,,2013-02-25,Get The 2013 Chevrolet Volt!,,,,2013.0
,,,<p>Chevrolet Canada is pleased to announce an offer unlike any other. This offer is designed for customers just like you. Enjoy this offer today by booking your visit with one of our specialists.</p>,,,2014-02-25,,,http://img.sm360.ca/images/var/images/bdc-hackathon-2019/promo.jpg,,2016-10-03 11:10:57,Chevrolet,41,Volt,783,,267,,2013-04-23,The 2013 Chevrolet Volt Is Here,,,,2013.0
,,,"<p>Enjoy this month's promotion and get the 2013 Mazda CX-5 <span class=""highlight""></span> with $0.00 down!</p><p>Wait no longer and book your test drive online now!</span></p>",,,2014-02-27,,,http://img.sm360.ca/images/var/images/bdc-hackathon-2019/promo.jpg,,2016-10-03 11:10:57,Mazda,6,CX-5,736,,270,,2013-02-27,Get The 2013 Mazda CX-5!,,,,2013.0
,,,<p>Mazda Canada is pleased to announce an offer unlike any other. This offer is designed for customers just like you. Enjoy this offer today by booking your visit with one of our specialists.</p>,,,2014-02-27,,,http://img.sm360.ca/images/var/images/bdc-hackathon-2019/promo.jpg,,2016-10-03 11:10:57,Mazda,6,CX-5,736,,271,,2013-02-27,The 2013 Mazda CX-5 Is Here,,,,2013.0
,,,"<p>Enjoy this month's promotion and get the 2013 Mazda CX-5 <span class=""highlight""></span> with $0.00 down!</p><p>Wait no longer and book your test drive online now!</span></p>",,,2014-02-27,,,http://img.sm360.ca/images/var/images/bdc-hackathon-2019/promo.jpg,,2016-10-03 11:10:57,Mazda,6,CX-5,736,,272,,2013-02-27,Get The 2013 Mazda CX-5!,,,,2013.0
,,,<p>Mazda Canada is pleased to announce an offer unlike any other. This offer is designed for customers just like you. Enjoy this offer today by booking your visit with one of our specialists.</p>,,,2014-02-27,,,http://img.sm360.ca/images/var/images/bdc-hackathon-2019/promo.jpg,,2016-10-03 11:10:58,Mazda,6,SPEED3,58,,277,,2013-02-27,The Mazda SPEED3 Is Here,,,,
,,,"<p>Enjoy this month's promotion and get the 2013 Mazda 3 <span class=""highlight""></span> with $0.00 down!</p><p>Wait no longer and book your test drive online now!</span></p>",,,2013-04-02,,,http://img.sm360.ca/images/var/images/bdc-hackathon-2019/promo.jpg,,2016-10-03 11:10:58,Mazda,6,3,56,,280,,2013-02-27,Get The 2013 Mazda 3!,,,,2013.0
,,,"<p>Enjoy this month's promotion and get the 2013 Mazda CX-5 <span class=""highlight""></span> with $0.00 down!</p><p>Wait no longer and book your test drive online now!</span></p>",,,2013-03-06,,,http://img.sm360.ca/images/var/images/bdc-hackathon-2019/promo.jpg,,2016-10-03 11:10:59,Mazda,6,CX-5,736,,284,,2013-02-27,Get The 2013 Mazda CX-5!,,,,2013.0
,,,<p>Nissan Canada is pleased to announce an offer unlike any other. This offer is designed for customers just like you. Enjoy this offer today by booking your visit with one of our specialists.</p>,,,2014-02-27,,,http://img.sm360.ca/images/var/images/bdc-hackathon-2019/promo.jpg,,2016-10-03 11:10:59,Nissan,2,Sentra,34,,285,,2013-02-27,The 2013 Nissan Sentra Is Here,,,,2013.0
,,,"<p>Enjoy this month's promotion and get the 2013 Nissan Pathfinder <span class=""highlight""></span> with $0.00 down!</p><p>Wait no longer and book your test drive online now!</span></p>",,,2013-07-15,,,http://img.sm360.ca/images/var/images/bdc-hackathon-2019/promo.jpg,,2016-10-03 11:11:01,Nissan,2,Pathfinder,39,,304,,2013-06-01,Get The 2013 Nissan Pathfinder!,,,,2013.0
,,,"<p>Enjoy this month's promotion and get the 2013 Nissan Rogue <span class=""highlight""></span> with $0.00 down!</p><p>Wait no longer and book your test drive online now!</span></p>",,,2013-07-15,,,http://img.sm360.ca/images/var/images/bdc-hackathon-2019/promo.jpg,,2016-10-03 11:11:01,Nissan,2,Rogue,18,,306,,2013-06-01,Get The 2013 Nissan Rogue!,,,,2013.0
,,,<p>Nissan Canada is pleased to announce an offer unlike any other. This offer is designed for customers just like you. Enjoy this offer today by booking your visit with one of our specialists.</p>,,,2013-04-30,,,http://img.sm360.ca/images/var/images/bdc-hackathon-2019/promo.jpg,,2016-10-03 11:11:01,Nissan,2,Sentra,34,,307,,2013-03-04,The 2013 Nissan Sentra Is Here,,,,2013.0
,,,"<p>Enjoy this month's promotion and get the 2013 Nissan Sentra <span class=""highlight""></span> with $0.00 down!</p><p>Wait no longer and book your test drive online now!</span></p>",,,2013-07-15,,,http://img.sm360.ca/images/var/images/bdc-hackathon-2019/promo.jpg,,2016-10-03 11:11:01,Nissan,2,Sentra,34,,308,,2013-05-02,Get The 2013 Nissan Sentra!,1.8 S,1902.0,,2013.0
,,,<p>Nissan Canada is pleased to announce an offer unlike any other. This offer is designed for customers just like you. Enjoy this offer today by booking your visit with one of our specialists.</p>,,,2013-07-15,,,http://img.sm360.ca/images/var/images/bdc-hackathon-2019/promo.jpg,,2016-10-03 11:11:01,Nissan,2,Altima,35,,309,,2013-06-01,The 2013 Nissan Altima Is Here,,,,2013.0
,,,"<p>Enjoy this month's promotion and get the 2013 Nissan Sentra <span class=""highlight""></span> with $0.00 down!</p><p>Wait no longer and book your test drive online now!</span></p>",,,2013-04-30,,,http://img.sm360.ca/images/var/images/bdc-hackathon-2019/promo.jpg,,2016-10-03 11:11:01,Nissan,2,Sentra,34,,312,,2013-03-05,Get The 2013 Nissan Sentra!,1.8 S,1902.0,,2013.0
,,,"<p>Enjoy this month's promotion and get the 2013 Nissan Altima <span class=""highlight""></span> with $0.00 down!</p><p>Wait no longer and book your test drive online now!</span></p>",,,2013-07-02,,,http://img.sm360.ca/images/var/images/bdc-hackathon-2019/promo.jpg,,2016-10-03 11:11:02,Nissan,2,Altima,35,,314,,2013-06-22,Get The 2013 Nissan Altima!,,,,2013.0
,,,"<p>Enjoy this month's promotion and get the 2013 Nissan Pathfinder <span class=""highlight""></span> with $0.00 down!</p><p>Wait no longer and book your test drive online now!</span></p>",,,2013-04-30,,,http://img.sm360.ca/images/var/images/bdc-hackathon-2019/promo.jpg,,2016-10-03 11:11:02,Nissan,2,Pathfinder,39,,318,,2013-03-05,Get The 2013 Nissan Pathfinder!,,,,2013.0
,,,<p>Honda Canada is pleased to announce an offer unlike any other. This offer is designed for customers just like you. Enjoy this offer today by booking your visit with one of our specialists.</p>,,,2013-05-31,,,http://img.sm360.ca/images/var/images/bdc-hackathon-2019/promo.jpg,,2016-10-03 11:11:04,Honda,15,Civic Berline,471,,337,,2013-03-06,The 2013 Honda Civic Berline Is Here,,,,2013.0
,,,<p>Mazda Canada is pleased to announce an offer unlike any other. This offer is designed for customers just like you. Enjoy this offer today by booking your visit with one of our specialists.</p>,,,2013-04-02,,,http://img.sm360.ca/images/var/images/bdc-hackathon-2019/promo.jpg,,2016-10-03 11:11:04,Mazda,6,6,60,,339,,2013-04-01,The 2014 Mazda 6 Is Here,,,,2014.0
,,,"<p>Enjoy this month's promotion and get the 2013 Mazda 2 <span class=""highlight""></span> with $0.00 down!</p><p>Wait no longer and book your test drive online now!</span></p>",,,2013-04-02,,,http://img.sm360.ca/images/var/images/bdc-hackathon-2019/promo.jpg,,2016-10-03 11:11:07,Mazda,6,2,55,,362,,2013-03-12,Get The 2013 Mazda 2!,,,,2013.0
,,,<p>Mazda Canada is pleased to announce an offer unlike any other. This offer is designed for customers just like you. Enjoy this offer today by booking your visit with one of our specialists.</p>,,,2013-04-02,,,http://img.sm360.ca/images/var/images/bdc-hackathon-2019/promo.jpg,,2016-10-03 11:11:07,Mazda,6,3,56,,363,,2013-03-12,The 2013 Mazda 3 Is Here,GX,2121.0,,2013.0
,,,<p>Mazda Canada is pleased to announce an offer unlike any other. This offer is designed for customers just like you. Enjoy this offer today by booking your visit with one of our specialists.</p>,,,2013-04-02,,,http://img.sm360.ca/images/var/images/bdc-hackathon-2019/promo.jpg,,2016-10-03 11:11:07,Mazda,6,3,56,,365,,2013-03-12,The 2013 Mazda 3 Is Here,GS-SKY,2120.0,,2013.0
,,,"<p>Enjoy this month's promotion and get the 2013 Mazda 3 Sport <span class=""highlight""></span> with $0.00 down!</p><p>Wait no longer and book your test drive online now!</span></p>",,,2013-04-02,,,http://img.sm360.ca/images/var/images/bdc-hackathon-2019/promo.jpg,,2016-10-03 11:11:07,Mazda,6,3 Sport,57,,366,,2013-03-12,Get The 2013 Mazda 3 Sport!,,,,2013.0
,,,"<p>Enjoy this month's promotion and get the 2014 Mazda CX-5 <span class=""highlight""></span> with $0.00 down!</p><p>Wait no longer and book your test drive online now!</span></p>",,,2013-04-02,,,http://img.sm360.ca/images/var/images/bdc-hackathon-2019/promo.jpg,,2016-10-03 11:11:07,Mazda,6,CX-5,736,,368,,2013-04-01,Get The 2014 Mazda CX-5!,,,,2014.0
,,,<p>Mazda Canada is pleased to announce an offer unlike any other. This offer is designed for customers just like you. Enjoy this offer today by booking your visit with one of our specialists.</p>,,,2013-04-02,,,http://img.sm360.ca/images/var/images/bdc-hackathon-2019/promo.jpg,,2016-10-03 11:11:07,Mazda,6,CX-9,63,,369,,2013-03-12,The 2013 Mazda CX-9 Is Here,,,,2013.0
,,,"<p>Enjoy this month's promotion and get the 2013 Mazda MX-5 <span class=""highlight""></span> with $0.00 down!</p><p>Wait no longer and book your test drive online now!</span></p>",,,2013-04-02,,,http://img.sm360.ca/images/var/images/bdc-hackathon-2019/promo.jpg,,2016-10-03 11:11:08,Mazda,6,MX-5,65,,370,,2013-03-12,Get The 2013 Mazda MX-5!,,,,2013.0
,,,<p>Chevrolet Canada is pleased to announce an offer unlike any other. This offer is designed for customers just like you. Enjoy this offer today by booking your visit with one of our specialists.</p>,,,2013-04-05,,,http://img.sm360.ca/images/var/images/bdc-hackathon-2019/promo.jpg,,2016-10-03 11:11:08,Chevrolet,41,Sonic Berline,748,,371,,2013-03-12,The 2013 Chevrolet Sonic Berline Is Here,LS,1927.0,,2013.0
,,,<p>Mazda Canada is pleased to announce an offer unlike any other. This offer is designed for customers just like you. Enjoy this offer today by booking your visit with one of our specialists.</p>,,,2013-04-02,,,http://img.sm360.ca/images/var/images/bdc-hackathon-2019/promo.jpg,,2016-10-03 11:11:08,Mazda,6,CX-5,736,,373,,2013-03-12,The 2013 Mazda CX-5 Is Here,,,,2013.0
,,,"<p>Enjoy this month's promotion and get the 2013 Mazda CX-5 <span class=""highlight""></span> with $0.00 down!</p><p>Wait no longer and book your test drive online now!</span></p>",,,2013-09-10,,,http://img.sm360.ca/images/var/images/bdc-hackathon-2019/promo.jpg,,2016-10-03 11:11:08,Mazda,6,CX-5,736,,374,,2013-03-12,Get The 2013 Mazda CX-5!,,,,2013.0
,,,"<p>Enjoy this month's promotion and get the Cadillac CTS Berline <span class=""highlight""></span> with $0.00 down!</p><p>Wait no longer and book your test drive online now!</span></p>",,,2013-06-30,,,http://img.sm360.ca/images/var/images/bdc-hackathon-2019/promo.jpg,,2016-10-03 11:11:10,Cadillac,43,CTS Berline,826,,390,,2013-03-14,Get The Cadillac CTS Berline!,,,,
,,,<p>Cadillac Canada is pleased to announce an offer unlike any other. This offer is designed for customers just like you. Enjoy this offer today by booking your visit with one of our specialists.</p>,,,2013-06-30,,,http://img.sm360.ca/images/var/images/bdc-hackathon-2019/promo.jpg,,2016-10-03 11:11:10,Cadillac,43,ATS,824,,391,,2013-03-14,The Cadillac ATS Is Here,,,,
,,,"<p>Enjoy this month's promotion and get the Buick Verano <span class=""highlight""></span> with $0.00 down!</p><p>Wait no longer and book your test drive online now!</span></p>",,,2013-05-06,,,http://img.sm360.ca/images/var/images/bdc-hackathon-2019/promo.jpg,,2016-10-03 11:11:10,Buick,42,Verano,766,,394,,2013-03-14,Get The Buick Verano!,,,,
,,,"<p>Enjoy this month's promotion and get the Buick LaCrosse <span class=""highlight""></span> with $0.00 down!</p><p>Wait no longer and book your test drive online now!</span></p>",,,2013-05-06,,,http://img.sm360.ca/images/var/images/bdc-hackathon-2019/promo.jpg,,2016-10-03 11:11:11,Buick,42,LaCrosse,773,,404,,2013-03-15,Get The Buick LaCrosse!,,,,
,,,<p>Buick Canada is pleased to announce an offer unlike any other. This offer is designed for customers just like you. Enjoy this offer today by booking your visit with one of our specialists.</p>,,,2013-05-06,,,http://img.sm360.ca/images/var/images/bdc-hackathon-2019/promo.jpg,,2016-10-03 11:11:11,Buick,42,Regal,774,,407,,2013-03-15,The Buick Regal Is Here,,,,
,,,"<p>Enjoy this month's promotion and get the Buick Enclave <span class=""highlight""></span> with $0.00 down!</p><p>Wait no longer and book your test drive online now!</span></p>",,,2013-05-06,,,http://img.sm360.ca/images/var/images/bdc-hackathon-2019/promo.jpg,,2016-10-03 11:11:12,Buick,42,Enclave,772,,408,,2013-03-15,Get The Buick Enclave!,,,,
,,,<p>Buick Canada is pleased to announce an offer unlike any other. This offer is designed for customers just like you. Enjoy this offer today by booking your visit with one of our specialists.</p>,,,2013-05-06,,,http://img.sm360.ca/images/var/images/bdc-hackathon-2019/promo.jpg,,2016-10-03 11:11:12,Buick,42,Encore,837,,409,,2013-03-15,The Buick Encore Is Here,,,,
,,,"<p>Enjoy this month's promotion and get the 2013 Cadillac CTS Coupe <span class=""highlight""></span> with $0.00 down!</p><p>Wait no longer and book your test drive online now!</span></p>",,,2013-06-30,,,http://img.sm360.ca/images/var/images/bdc-hackathon-2019/promo.jpg,,2016-10-03 11:11:12,Cadillac,43,CTS Coupe,825,,410,,2013-03-15,Get The 2013 Cadillac CTS Coupe!,,,,2013.0
,,,<p>Cadillac Canada is pleased to announce an offer unlike any other. This offer is designed for customers just like you. Enjoy this offer today by booking your visit with one of our specialists.</p>,,,2013-06-30,,,http://img.sm360.ca/images/var/images/bdc-hackathon-2019/promo.jpg,,2016-10-03 11:11:12,Cadillac,43,XTS,830,,411,,2013-03-15,The Cadillac XTS Is Here,,,,
,,,"<p>Enjoy this month's promotion and get the 2013 Nissan Sentra <span class=""highlight""></span> with $0.00 down!</p><p>Wait no longer and book your test drive online now!</span></p>",,,,,,http://img.sm360.ca/images/var/images/bdc-hackathon-2019/promo.jpg,,2016-10-03 11:11:12,Nissan,2,Sentra,34,,412,,2013-03-15,Get The 2013 Nissan Sentra!,,,,2013.0
,,,<p>Cadillac Canada is pleased to announce an offer unlike any other. This offer is designed for customers just like you. Enjoy this offer today by booking your visit with one of our specialists.</p>,,,2013-06-30,,,http://img.sm360.ca/images/var/images/bdc-hackathon-2019/promo.jpg,,2016-10-03 11:11:12,Cadillac,43,Escalade,768,,413,,2013-03-15,The Cadillac Escalade Is Here,,,,
,,,"<p>Enjoy this month's promotion and get the 2014 Mazda MX-5 <span class=""highlight""></span> with $0.00 down!</p><p>Wait no longer and book your test drive online now!</span></p>",,,,,,http://img.sm360.ca/images/var/images/bdc-hackathon-2019/promo.jpg,,2016-10-03 11:11:12,Mazda,6,MX-5,65,,414,,2013-03-15,Get The 2014 Mazda MX-5!,,,,2014.0
,,,<p>Cadillac Canada is pleased to announce an offer unlike any other. This offer is designed for customers just like you. Enjoy this offer today by booking your visit with one of our specialists.</p>,,,2013-05-31,,,http://img.sm360.ca/images/var/images/bdc-hackathon-2019/promo.jpg,,2016-10-03 11:11:13,Cadillac,43,SRX,769,,415,,2013-03-15,The Cadillac SRX Is Here,,,,
,,,"<p>Enjoy this month's promotion and get the 2013 Chevrolet Trax <span class=""highlight""></span> with $0.00 down!</p><p>Wait no longer and book your test drive online now!</span></p>",,,2013-05-06,,,http://img.sm360.ca/images/var/images/bdc-hackathon-2019/promo.jpg,,2016-10-03 11:11:13,Chevrolet,41,Trax,850,,416,,2013-03-15,Get The 2013 Chevrolet Trax!,,,,2013.0
,,,<p>GMC Canada is pleased to announce an offer unlike any other. This offer is designed for customers just like you. Enjoy this offer today by booking your visit with one of our specialists.</p>,,,2013-05-06,,,http://img.sm360.ca/images/var/images/bdc-hackathon-2019/promo.jpg,,2016-10-03 11:11:13,GMC,44,Acadia,776,,417,,2013-04-23,The 2013 GMC Acadia Is Here,,,,2013.0
,,,"<p>Enjoy this month's promotion and get the 2013 Honda Accord Berline <span class=""highlight""></span> with $0.00 down!</p><p>Wait no longer and book your test drive online now!</span></p>",,,2013-05-31,,,http://img.sm360.ca/images/var/images/bdc-hackathon-2019/promo.jpg,,2016-10-03 11:11:13,Honda,15,Accord Berline,557,,418,,2013-03-18,Get The 2013 Honda Accord Berline!,LX,1821.0,,2013.0
,,,<p>Honda Canada is pleased to announce an offer unlike any other. This offer is designed for customers just like you. Enjoy this offer today by booking your visit with one of our specialists.</p>,,,2013-05-31,,,http://img.sm360.ca/images/var/images/bdc-hackathon-2019/promo.jpg,,2016-10-03 11:11:13,Honda,15,Fit,487,,419,,2013-03-18,The 2013 Honda Fit Is Here,DX,1833.0,,2013.0
,,,"<p>Enjoy this month's promotion and get the 2013 Honda CR-V <span class=""highlight""></span> with $0.00 down!</p><p>Wait no longer and book your test drive online now!</span></p>",,,2013-05-31,,,http://img.sm360.ca/images/var/images/bdc-hackathon-2019/promo.jpg,,2016-10-03 11:11:13,Honda,15,CR-V,560,,420,,2013-03-18,Get The 2013 Honda CR-V!,LX,1846.0,,2013.0
